arm,client,model,bound_class,binding_family,output_class,mean_centered_logit_response
h0,0,ResNet10,0,0,0,-0.18307416487999173
h0,0,ResNet10,0,0,1,0.1476643160726019
h0,0,ResNet10,0,0,2,-0.016783880265769987
h0,0,ResNet10,0,0,3,-0.011477044212420065
h0,0,ResNet10,0,0,4,0.27706409903101437
h0,0,ResNet10,0,0,5,-0.40028924079573985
h0,0,ResNet10,0,0,6,-0.02324502696386579
h0,0,ResNet10,0,0,7,-0.046451411375262534
h0,0,ResNet10,0,0,8,0.10730247752723154
h0,0,ResNet10,0,0,9,0.14928987586220138
h0,0,ResNet10,1,1,0,0.0027169647816852245
h0,0,ResNet10,1,1,1,-0.0018776636376263089
h0,0,ResNet10,1,1,2,-0.036362640372194256
h0,0,ResNet10,1,1,3,-0.023790308492645046
h0,0,ResNet10,1,1,4,0.16978427952984007
h0,0,ResNet10,1,1,5,0.009451323320264987
h0,0,ResNet10,1,1,6,-0.14695576748718603
h0,0,ResNet10,1,1,7,-6.576943679042031e-05
h0,0,ResNet10,1,1,8,0.014859619554940655
h0,0,ResNet10,1,1,9,0.012239962239710831
h0,0,ResNet10,2,2,0,-0.01298046546453846
h0,0,ResNet10,2,2,1,0.08193273793196684
h0,0,ResNet10,2,2,2,0.040778708835476365
h0,0,ResNet10,2,2,3,0.016415509194517473
h0,0,ResNet10,2,2,4,0.05838661094244871
h0,0,ResNet10,2,2,5,-0.20670878149684566
h0,0,ResNet10,2,2,6,-0.060761867706935965
h0,0,ResNet10,2,2,7,-0.10016394926347892
h0,0,ResNet10,2,2,8,0.10719698020078156
h0,0,ResNet10,2,2,9,0.07590451682660754
h0,0,ResNet10,3,3,0,-0.14221270686893706
h0,0,ResNet10,3,3,1,0.12039597065398627
h0,0,ResNet10,3,3,2,-0.07162275614992591
h0,0,ResNet10,3,3,3,0.08154332713838146
h0,0,ResNet10,3,3,4,-0.02063961214670209
h0,0,ResNet10,3,3,5,-0.0824171875054343
h0,0,ResNet10,3,3,6,-0.08140341925391899
h0,0,ResNet10,3,3,7,-0.007992128891076374
h0,0,ResNet10,3,3,8,0.08652004470530555
h0,0,ResNet10,3,3,9,0.11782846831832179
h0,0,ResNet10,4,0,0,-0.18307416487999173
h0,0,ResNet10,4,0,1,0.1476643160726019
h0,0,ResNet10,4,0,2,-0.016783880265769987
h0,0,ResNet10,4,0,3,-0.011477044212420065
h0,0,ResNet10,4,0,4,0.27706409903101437
h0,0,ResNet10,4,0,5,-0.40028924079573985
h0,0,ResNet10,4,0,6,-0.02324502696386579
h0,0,ResNet10,4,0,7,-0.046451411375262534
h0,0,ResNet10,4,0,8,0.10730247752723154
h0,0,ResNet10,4,0,9,0.14928987586220138
h0,0,ResNet10,5,1,0,0.0027169647816852245
h0,0,ResNet10,5,1,1,-0.0018776636376263089
h0,0,ResNet10,5,1,2,-0.036362640372194256
h0,0,ResNet10,5,1,3,-0.023790308492645046
h0,0,ResNet10,5,1,4,0.16978427952984007
h0,0,ResNet10,5,1,5,0.009451323320264987
h0,0,ResNet10,5,1,6,-0.14695576748718603
h0,0,ResNet10,5,1,7,-6.576943679042031e-05
h0,0,ResNet10,5,1,8,0.014859619554940655
h0,0,ResNet10,5,1,9,0.012239962239710831
h0,0,ResNet10,6,2,0,-0.01298046546453846
h0,0,ResNet10,6,2,1,0.08193273793196684
h0,0,ResNet10,6,2,2,0.040778708835476365
h0,0,ResNet10,6,2,3,0.016415509194517473
h0,0,ResNet10,6,2,4,0.05838661094244871
h0,0,ResNet10,6,2,5,-0.20670878149684566
h0,0,ResNet10,6,2,6,-0.060761867706935965
h0,0,ResNet10,6,2,7,-0.10016394926347892
h0,0,ResNet10,6,2,8,0.10719698020078156
h0,0,ResNet10,6,2,9,0.07590451682660754
h0,0,ResNet10,7,3,0,-0.14221270686893706
h0,0,ResNet10,7,3,1,0.12039597065398627
h0,0,ResNet10,7,3,2,-0.07162275614992591
h0,0,ResNet10,7,3,3,0.08154332713838146
h0,0,ResNet10,7,3,4,-0.02063961214670209
h0,0,ResNet10,7,3,5,-0.0824171875054343
h0,0,ResNet10,7,3,6,-0.08140341925391899
h0,0,ResNet10,7,3,7,-0.007992128891076374
h0,0,ResNet10,7,3,8,0.08652004470530555
h0,0,ResNet10,7,3,9,0.11782846831832179
h0,0,ResNet10,8,0,0,-0.18307416487999173
h0,0,ResNet10,8,0,1,0.1476643160726019
h0,0,ResNet10,8,0,2,-0.016783880265769987
h0,0,ResNet10,8,0,3,-0.011477044212420065
h0,0,ResNet10,8,0,4,0.27706409903101437
h0,0,ResNet10,8,0,5,-0.40028924079573985
h0,0,ResNet10,8,0,6,-0.02324502696386579
h0,0,ResNet10,8,0,7,-0.046451411375262534
h0,0,ResNet10,8,0,8,0.10730247752723154
h0,0,ResNet10,8,0,9,0.14928987586220138
h0,0,ResNet10,9,1,0,0.0027169647816852245
h0,0,ResNet10,9,1,1,-0.0018776636376263089
h0,0,ResNet10,9,1,2,-0.036362640372194256
h0,0,ResNet10,9,1,3,-0.023790308492645046
h0,0,ResNet10,9,1,4,0.16978427952984007
h0,0,ResNet10,9,1,5,0.009451323320264987
h0,0,ResNet10,9,1,6,-0.14695576748718603
h0,0,ResNet10,9,1,7,-6.576943679042031e-05
h0,0,ResNet10,9,1,8,0.014859619554940655
h0,0,ResNet10,9,1,9,0.012239962239710831
h0,1,ResNet12,0,1,0,-0.007436338656424159
h0,1,ResNet12,0,1,1,-0.4034191496771042
h0,1,ResNet12,0,1,2,0.129904613705729
h0,1,ResNet12,0,1,3,0.026607526486924594
h0,1,ResNet12,0,1,4,0.17396745437924166
h0,1,ResNet12,0,1,5,0.1340473886660559
h0,1,ResNet12,0,1,6,-0.008987305388425558
h0,1,ResNet12,0,1,7,0.04062112229380154
h0,1,ResNet12,0,1,8,6.055035364930354e-05
h0,1,ResNet12,0,1,9,-0.08536586216344778
h0,1,ResNet12,1,2,0,0.013258820828688326
h0,1,ResNet12,1,2,1,0.01796768130085978
h0,1,ResNet12,1,2,2,-0.025537659225737676
h0,1,ResNet12,1,2,3,-0.07003651791633633
h0,1,ResNet12,1,2,4,0.10899462056191006
h0,1,ResNet12,1,2,5,-0.10292240245923276
h0,1,ResNet12,1,2,6,0.06621749860934016
h0,1,ResNet12,1,2,7,-0.12013230497205434
h0,1,ResNet12,1,2,8,0.07276621835392112
h0,1,ResNet12,1,2,9,0.03942404491864161
h0,1,ResNet12,2,3,0,-0.07748295001618023
h0,1,ResNet12,2,3,1,-0.21080388161539612
h0,1,ResNet12,2,3,2,0.06169472779611844
h0,1,ResNet12,2,3,3,-0.005988445083257218
h0,1,ResNet12,2,3,4,0.05042246121825667
h0,1,ResNet12,2,3,5,0.017050129446378407
h0,1,ResNet12,2,3,6,0.09989267546580032
h0,1,ResNet12,2,3,7,0.02603478301708581
h0,1,ResNet12,2,3,8,0.023683799283206984
h0,1,ResNet12,2,3,9,0.01549670048798762
h0,1,ResNet12,3,0,0,-0.08534707421882398
h0,1,ResNet12,3,0,1,-0.43948295468604653
h0,1,ResNet12,3,0,2,0.14658411535007457
h0,1,ResNet12,3,0,3,0.0974066240813314
h0,1,ResNet12,3,0,4,0.21903024208255098
h0,1,ResNet12,3,0,5,0.1580751538848391
h0,1,ResNet12,3,0,6,0.10052422815153675
h0,1,ResNet12,3,0,7,0.011021858602245714
h0,1,ResNet12,3,0,8,-0.11384870026902993
h0,1,ResNet12,3,0,9,-0.09396349297867798
h0,1,ResNet12,4,1,0,-0.007436338656424159
h0,1,ResNet12,4,1,1,-0.4034191496771042
h0,1,ResNet12,4,1,2,0.129904613705729
h0,1,ResNet12,4,1,3,0.026607526486924594
h0,1,ResNet12,4,1,4,0.17396745437924166
h0,1,ResNet12,4,1,5,0.1340473886660559
h0,1,ResNet12,4,1,6,-0.008987305388425558
h0,1,ResNet12,4,1,7,0.04062112229380154
h0,1,ResNet12,4,1,8,6.055035364930354e-05
h0,1,ResNet12,4,1,9,-0.08536586216344778
h0,1,ResNet12,5,2,0,0.013258820828688326
h0,1,ResNet12,5,2,1,0.01796768130085978
h0,1,ResNet12,5,2,2,-0.025537659225737676
h0,1,ResNet12,5,2,3,-0.07003651791633633
h0,1,ResNet12,5,2,4,0.10899462056191006
h0,1,ResNet12,5,2,5,-0.10292240245923276
h0,1,ResNet12,5,2,6,0.06621749860934016
h0,1,ResNet12,5,2,7,-0.12013230497205434
h0,1,ResNet12,5,2,8,0.07276621835392112
h0,1,ResNet12,5,2,9,0.03942404491864161
h0,1,ResNet12,6,3,0,-0.07748295001618023
h0,1,ResNet12,6,3,1,-0.21080388161539612
h0,1,ResNet12,6,3,2,0.06169472779611844
h0,1,ResNet12,6,3,3,-0.005988445083257218
h0,1,ResNet12,6,3,4,0.05042246121825667
h0,1,ResNet12,6,3,5,0.017050129446378407
h0,1,ResNet12,6,3,6,0.09989267546580032
h0,1,ResNet12,6,3,7,0.02603478301708581
h0,1,ResNet12,6,3,8,0.023683799283206984
h0,1,ResNet12,6,3,9,0.01549670048798762
h0,1,ResNet12,7,0,0,-0.08534707421882398
h0,1,ResNet12,7,0,1,-0.43948295468604653
h0,1,ResNet12,7,0,2,0.14658411535007457
h0,1,ResNet12,7,0,3,0.0974066240813314
h0,1,ResNet12,7,0,4,0.21903024208255098
h0,1,ResNet12,7,0,5,0.1580751538848391
h0,1,ResNet12,7,0,6,0.10052422815153675
h0,1,ResNet12,7,0,7,0.011021858602245714
h0,1,ResNet12,7,0,8,-0.11384870026902993
h0,1,ResNet12,7,0,9,-0.09396349297867798
h0,1,ResNet12,8,1,0,-0.007436338656424159
h0,1,ResNet12,8,1,1,-0.4034191496771042
h0,1,ResNet12,8,1,2,0.129904613705729
h0,1,ResNet12,8,1,3,0.026607526486924594
h0,1,ResNet12,8,1,4,0.17396745437924166
h0,1,ResNet12,8,1,5,0.1340473886660559
h0,1,ResNet12,8,1,6,-0.008987305388425558
h0,1,ResNet12,8,1,7,0.04062112229380154
h0,1,ResNet12,8,1,8,6.055035364930354e-05
h0,1,ResNet12,8,1,9,-0.08536586216344778
h0,1,ResNet12,9,2,0,0.013258820828688326
h0,1,ResNet12,9,2,1,0.01796768130085978
h0,1,ResNet12,9,2,2,-0.025537659225737676
h0,1,ResNet12,9,2,3,-0.07003651791633633
h0,1,ResNet12,9,2,4,0.10899462056191006
h0,1,ResNet12,9,2,5,-0.10292240245923276
h0,1,ResNet12,9,2,6,0.06621749860934016
h0,1,ResNet12,9,2,7,-0.12013230497205434
h0,1,ResNet12,9,2,8,0.07276621835392112
h0,1,ResNet12,9,2,9,0.03942404491864161
h0,2,ShuffleNet,0,2,0,-0.04439909334602374
h0,2,ShuffleNet,0,2,1,-0.11655205083540131
h0,2,ShuffleNet,0,2,2,-0.031264656509440644
h0,2,ShuffleNet,0,2,3,0.013017934290814525
h0,2,ShuffleNet,0,2,4,0.04760105217669877
h0,2,ShuffleNet,0,2,5,0.04001586268390946
h0,2,ShuffleNet,0,2,6,0.12113631621048802
h0,2,ShuffleNet,0,2,7,-0.06978279887717355
h0,2,ShuffleNet,0,2,8,0.09564511847785677
h0,2,ShuffleNet,0,2,9,-0.05541768427172843
h0,2,ShuffleNet,1,3,0,-0.2612290991030332
h0,2,ShuffleNet,1,3,1,-0.07434001145330746
h0,2,ShuffleNet,1,3,2,0.02191480072936241
h0,2,ShuffleNet,1,3,3,0.05784293737741612
h0,2,ShuffleNet,1,3,4,0.06484181053600338
h0,2,ShuffleNet,1,3,5,0.12728602258493227
h0,2,ShuffleNet,1,3,6,0.11278486345620371
h0,2,ShuffleNet,1,3,7,0.05079853647427759
h0,2,ShuffleNet,1,3,8,-0.09312562536625912
h0,2,ShuffleNet,1,3,9,-0.006774235235595633
h0,2,ShuffleNet,2,0,0,-0.1097742097883365
h0,2,ShuffleNet,2,0,1,-0.02980947174899009
h0,2,ShuffleNet,2,0,2,-0.0213124107287282
h0,2,ShuffleNet,2,0,3,-0.05825338969797361
h0,2,ShuffleNet,2,0,4,0.10460906497262998
h0,2,ShuffleNet,2,0,5,0.07675189366204702
h0,2,ShuffleNet,2,0,6,0.20108626107565428
h0,2,ShuffleNet,2,0,7,-0.05665158007845432
h0,2,ShuffleNet,2,0,8,-0.02372523086384394
h0,2,ShuffleNet,2,0,9,-0.08292092680400395
h0,2,ShuffleNet,3,1,0,-0.06905872628035403
h0,2,ShuffleNet,3,1,1,-0.03057336277809076
h0,2,ShuffleNet,3,1,2,0.014966587331045913
h0,2,ShuffleNet,3,1,3,0.01903687154962795
h0,2,ShuffleNet,3,1,4,0.02143842821090482
h0,2,ShuffleNet,3,1,5,0.06165757482411119
h0,2,ShuffleNet,3,1,6,-0.05364708883229755
h0,2,ShuffleNet,3,1,7,0.07536492782305655
h0,2,ShuffleNet,3,1,8,-0.005838559284027442
h0,2,ShuffleNet,3,1,9,-0.03334665256397673
h0,2,ShuffleNet,4,2,0,-0.04439909334602374
h0,2,ShuffleNet,4,2,1,-0.11655205083540131
h0,2,ShuffleNet,4,2,2,-0.031264656509440644
h0,2,ShuffleNet,4,2,3,0.013017934290814525
h0,2,ShuffleNet,4,2,4,0.04760105217669877
h0,2,ShuffleNet,4,2,5,0.04001586268390946
h0,2,ShuffleNet,4,2,6,0.12113631621048802
h0,2,ShuffleNet,4,2,7,-0.06978279887717355
h0,2,ShuffleNet,4,2,8,0.09564511847785677
h0,2,ShuffleNet,4,2,9,-0.05541768427172843
h0,2,ShuffleNet,5,3,0,-0.2612290991030332
h0,2,ShuffleNet,5,3,1,-0.07434001145330746
h0,2,ShuffleNet,5,3,2,0.02191480072936241
h0,2,ShuffleNet,5,3,3,0.05784293737741612
h0,2,ShuffleNet,5,3,4,0.06484181053600338
h0,2,ShuffleNet,5,3,5,0.12728602258493227
h0,2,ShuffleNet,5,3,6,0.11278486345620371
h0,2,ShuffleNet,5,3,7,0.05079853647427759
h0,2,ShuffleNet,5,3,8,-0.09312562536625912
h0,2,ShuffleNet,5,3,9,-0.006774235235595633
h0,2,ShuffleNet,6,0,0,-0.1097742097883365
h0,2,ShuffleNet,6,0,1,-0.02980947174899009
h0,2,ShuffleNet,6,0,2,-0.0213124107287282
h0,2,ShuffleNet,6,0,3,-0.05825338969797361
h0,2,ShuffleNet,6,0,4,0.10460906497262998
h0,2,ShuffleNet,6,0,5,0.07675189366204702
h0,2,ShuffleNet,6,0,6,0.20108626107565428
h0,2,ShuffleNet,6,0,7,-0.05665158007845432
h0,2,ShuffleNet,6,0,8,-0.02372523086384394
h0,2,ShuffleNet,6,0,9,-0.08292092680400395
h0,2,ShuffleNet,7,1,0,-0.06905872628035403
h0,2,ShuffleNet,7,1,1,-0.03057336277809076
h0,2,ShuffleNet,7,1,2,0.014966587331045913
h0,2,ShuffleNet,7,1,3,0.01903687154962795
h0,2,ShuffleNet,7,1,4,0.02143842821090482
h0,2,ShuffleNet,7,1,5,0.06165757482411119
h0,2,ShuffleNet,7,1,6,-0.05364708883229755
h0,2,ShuffleNet,7,1,7,0.07536492782305655
h0,2,ShuffleNet,7,1,8,-0.005838559284027442
h0,2,ShuffleNet,7,1,9,-0.03334665256397673
h0,2,ShuffleNet,8,2,0,-0.04439909334602374
h0,2,ShuffleNet,8,2,1,-0.11655205083540131
h0,2,ShuffleNet,8,2,2,-0.031264656509440644
h0,2,ShuffleNet,8,2,3,0.013017934290814525
h0,2,ShuffleNet,8,2,4,0.04760105217669877
h0,2,ShuffleNet,8,2,5,0.04001586268390946
h0,2,ShuffleNet,8,2,6,0.12113631621048802
h0,2,ShuffleNet,8,2,7,-0.06978279887717355
h0,2,ShuffleNet,8,2,8,0.09564511847785677
h0,2,ShuffleNet,8,2,9,-0.05541768427172843
h0,2,ShuffleNet,9,3,0,-0.2612290991030332
h0,2,ShuffleNet,9,3,1,-0.07434001145330746
h0,2,ShuffleNet,9,3,2,0.02191480072936241
h0,2,ShuffleNet,9,3,3,0.05784293737741612
h0,2,ShuffleNet,9,3,4,0.06484181053600338
h0,2,ShuffleNet,9,3,5,0.12728602258493227
h0,2,ShuffleNet,9,3,6,0.11278486345620371
h0,2,ShuffleNet,9,3,7,0.05079853647427759
h0,2,ShuffleNet,9,3,8,-0.09312562536625912
h0,2,ShuffleNet,9,3,9,-0.006774235235595633
h0,3,Mobilenetv2,0,3,0,-0.08903724041805852
h0,3,Mobilenetv2,0,3,1,-0.1453307284240549
h0,3,Mobilenetv2,0,3,2,0.057025873661552554
h0,3,Mobilenetv2,0,3,3,0.04669918018863213
h0,3,Mobilenetv2,0,3,4,0.14463341736830845
h0,3,Mobilenetv2,0,3,5,-0.07824934778842614
h0,3,Mobilenetv2,0,3,6,0.0531688616537946
h0,3,Mobilenetv2,0,3,7,0.035557398884948396
h0,3,Mobilenetv2,0,3,8,0.007617571042015919
h0,3,Mobilenetv2,0,3,9,-0.032084986168711145
h0,3,Mobilenetv2,1,0,0,-0.20330552749974795
h0,3,Mobilenetv2,1,0,1,-0.05259143565965881
h0,3,Mobilenetv2,1,0,2,-0.10348893990165774
h0,3,Mobilenetv2,1,0,3,0.08088142074843721
h0,3,Mobilenetv2,1,0,4,0.17332224424935508
h0,3,Mobilenetv2,1,0,5,-0.023602329245094
h0,3,Mobilenetv2,1,0,6,0.22313205997126098
h0,3,Mobilenetv2,1,0,7,0.045055861754252836
h0,3,Mobilenetv2,1,0,8,-0.20313862925100654
h0,3,Mobilenetv2,1,0,9,0.06373527483385918
h0,3,Mobilenetv2,2,1,0,-0.0413589884186983
h0,3,Mobilenetv2,2,1,1,-0.16926500390028365
h0,3,Mobilenetv2,2,1,2,0.06043732168017069
h0,3,Mobilenetv2,2,1,3,0.05768208719109303
h0,3,Mobilenetv2,2,1,4,0.09755439282670907
h0,3,Mobilenetv2,2,1,5,0.04155343517446298
h0,3,Mobilenetv2,2,1,6,0.03909459296662663
h0,3,Mobilenetv2,2,1,7,0.02164568267003607
h0,3,Mobilenetv2,2,1,8,-0.039895828021674615
h0,3,Mobilenetv2,2,1,9,-0.06744769216844165
h0,3,Mobilenetv2,3,2,0,0.0024535809260477653
h0,3,Mobilenetv2,3,2,1,-0.1437802557861695
h0,3,Mobilenetv2,3,2,2,0.02762399184817685
h0,3,Mobilenetv2,3,2,3,0.03547179399447302
h0,3,Mobilenetv2,3,2,4,0.05540045181313417
h0,3,Mobilenetv2,3,2,5,-0.022367344757226397
h0,3,Mobilenetv2,3,2,6,0.052820637468591114
h0,3,Mobilenetv2,3,2,7,-0.0017406034507471489
h0,3,Mobilenetv2,3,2,8,0.03933720133747056
h0,3,Mobilenetv2,3,2,9,-0.04521945339375047
h0,3,Mobilenetv2,4,3,0,-0.08903724041805852
h0,3,Mobilenetv2,4,3,1,-0.1453307284240549
h0,3,Mobilenetv2,4,3,2,0.057025873661552554
h0,3,Mobilenetv2,4,3,3,0.04669918018863213
h0,3,Mobilenetv2,4,3,4,0.14463341736830845
h0,3,Mobilenetv2,4,3,5,-0.07824934778842614
h0,3,Mobilenetv2,4,3,6,0.0531688616537946
h0,3,Mobilenetv2,4,3,7,0.035557398884948396
h0,3,Mobilenetv2,4,3,8,0.007617571042015919
h0,3,Mobilenetv2,4,3,9,-0.032084986168711145
h0,3,Mobilenetv2,5,0,0,-0.20330552749974795
h0,3,Mobilenetv2,5,0,1,-0.05259143565965881
h0,3,Mobilenetv2,5,0,2,-0.10348893990165774
h0,3,Mobilenetv2,5,0,3,0.08088142074843721
h0,3,Mobilenetv2,5,0,4,0.17332224424935508
h0,3,Mobilenetv2,5,0,5,-0.023602329245094
h0,3,Mobilenetv2,5,0,6,0.22313205997126098
h0,3,Mobilenetv2,5,0,7,0.045055861754252836
h0,3,Mobilenetv2,5,0,8,-0.20313862925100654
h0,3,Mobilenetv2,5,0,9,0.06373527483385918
h0,3,Mobilenetv2,6,1,0,-0.0413589884186983
h0,3,Mobilenetv2,6,1,1,-0.16926500390028365
h0,3,Mobilenetv2,6,1,2,0.06043732168017069
h0,3,Mobilenetv2,6,1,3,0.05768208719109303
h0,3,Mobilenetv2,6,1,4,0.09755439282670907
h0,3,Mobilenetv2,6,1,5,0.04155343517446298
h0,3,Mobilenetv2,6,1,6,0.03909459296662663
h0,3,Mobilenetv2,6,1,7,0.02164568267003607
h0,3,Mobilenetv2,6,1,8,-0.039895828021674615
h0,3,Mobilenetv2,6,1,9,-0.06744769216844165
h0,3,Mobilenetv2,7,2,0,0.0024535809260477653
h0,3,Mobilenetv2,7,2,1,-0.1437802557861695
h0,3,Mobilenetv2,7,2,2,0.02762399184817685
h0,3,Mobilenetv2,7,2,3,0.03547179399447302
h0,3,Mobilenetv2,7,2,4,0.05540045181313417
h0,3,Mobilenetv2,7,2,5,-0.022367344757226397
h0,3,Mobilenetv2,7,2,6,0.052820637468591114
h0,3,Mobilenetv2,7,2,7,-0.0017406034507471489
h0,3,Mobilenetv2,7,2,8,0.03933720133747056
h0,3,Mobilenetv2,7,2,9,-0.04521945339375047
h0,3,Mobilenetv2,8,3,0,-0.08903724041805852
h0,3,Mobilenetv2,8,3,1,-0.1453307284240549
h0,3,Mobilenetv2,8,3,2,0.057025873661552554
h0,3,Mobilenetv2,8,3,3,0.04669918018863213
h0,3,Mobilenetv2,8,3,4,0.14463341736830845
h0,3,Mobilenetv2,8,3,5,-0.07824934778842614
h0,3,Mobilenetv2,8,3,6,0.0531688616537946
h0,3,Mobilenetv2,8,3,7,0.035557398884948396
h0,3,Mobilenetv2,8,3,8,0.007617571042015919
h0,3,Mobilenetv2,8,3,9,-0.032084986168711145
h0,3,Mobilenetv2,9,0,0,-0.20330552749974795
h0,3,Mobilenetv2,9,0,1,-0.05259143565965881
h0,3,Mobilenetv2,9,0,2,-0.10348893990165774
h0,3,Mobilenetv2,9,0,3,0.08088142074843721
h0,3,Mobilenetv2,9,0,4,0.17332224424935508
h0,3,Mobilenetv2,9,0,5,-0.023602329245094
h0,3,Mobilenetv2,9,0,6,0.22313205997126098
h0,3,Mobilenetv2,9,0,7,0.045055861754252836
h0,3,Mobilenetv2,9,0,8,-0.20313862925100654
h0,3,Mobilenetv2,9,0,9,0.06373527483385918
h9,0,ResNet10,0,0,0,3.542353622308112
h9,0,ResNet10,0,0,1,0.19526892149927086
h9,0,ResNet10,0,0,2,-0.4545332985695049
h9,0,ResNet10,0,0,3,-1.5886743666548009
h9,0,ResNet10,0,0,4,2.75630000267176
h9,0,ResNet10,0,0,5,-2.450067856119561
h9,0,ResNet10,0,0,6,-0.753625590219281
h9,0,ResNet10,0,0,7,-1.809517791232475
h9,0,ResNet10,0,0,8,0.31570990297081286
h9,0,ResNet10,0,0,9,0.24678645334566912
h9,0,ResNet10,1,1,0,-0.12880105746655268
h9,0,ResNet10,1,1,1,-0.0357541171443006
h9,0,ResNet10,1,1,2,-0.2880771590106292
h9,0,ResNet10,1,1,3,0.10484500526801412
h9,0,ResNet10,1,1,4,0.08820443017514462
h9,0,ResNet10,1,1,5,0.8221840889749434
h9,0,ResNet10,1,1,6,-0.4466155260102403
h9,0,ResNet10,1,1,7,-0.05975300828302615
h9,0,ResNet10,1,1,8,-0.03412001247209879
h9,0,ResNet10,1,1,9,-0.022112644031253036
h9,0,ResNet10,2,2,0,0.6543254134679344
h9,0,ResNet10,2,2,1,0.41449234978300664
h9,0,ResNet10,2,2,2,0.3336192145816851
h9,0,ResNet10,2,2,3,-0.5468142582885068
h9,0,ResNet10,2,2,4,0.22426506868297463
h9,0,ResNet10,2,2,5,-1.3191591441510289
h9,0,ResNet10,2,2,6,0.4266071275061739
h9,0,ResNet10,2,2,7,-1.0149588782560734
h9,0,ResNet10,2,2,8,0.4234017765451579
h9,0,ResNet10,2,2,9,0.40422133012867123
h9,0,ResNet10,3,3,0,-0.20821986715492463
h9,0,ResNet10,3,3,1,0.8668993074709687
h9,0,ResNet10,3,3,2,-0.8917935615333018
h9,0,ResNet10,3,3,3,0.033927858810178034
h9,0,ResNet10,3,3,4,-0.3572200987759376
h9,0,ResNet10,3,3,5,-1.178799383966266
h9,0,ResNet10,3,3,6,-0.4931989968150289
h9,0,ResNet10,3,3,7,0.47182436319155213
h9,0,ResNet10,3,3,8,0.8687984354995385
h9,0,ResNet10,3,3,9,0.8877819432732212
h9,0,ResNet10,4,0,0,3.542353622308112
h9,0,ResNet10,4,0,1,0.19526892149927086
h9,0,ResNet10,4,0,2,-0.4545332985695049
h9,0,ResNet10,4,0,3,-1.5886743666548009
h9,0,ResNet10,4,0,4,2.75630000267176
h9,0,ResNet10,4,0,5,-2.450067856119561
h9,0,ResNet10,4,0,6,-0.753625590219281
h9,0,ResNet10,4,0,7,-1.809517791232475
h9,0,ResNet10,4,0,8,0.31570990297081286
h9,0,ResNet10,4,0,9,0.24678645334566912
h9,0,ResNet10,5,1,0,-0.12880105746655268
h9,0,ResNet10,5,1,1,-0.0357541171443006
h9,0,ResNet10,5,1,2,-0.2880771590106292
h9,0,ResNet10,5,1,3,0.10484500526801412
h9,0,ResNet10,5,1,4,0.08820443017514462
h9,0,ResNet10,5,1,5,0.8221840889749434
h9,0,ResNet10,5,1,6,-0.4466155260102403
h9,0,ResNet10,5,1,7,-0.05975300828302615
h9,0,ResNet10,5,1,8,-0.03412001247209879
h9,0,ResNet10,5,1,9,-0.022112644031253036
h9,0,ResNet10,6,2,0,0.6543254134679344
h9,0,ResNet10,6,2,1,0.41449234978300664
h9,0,ResNet10,6,2,2,0.3336192145816851
h9,0,ResNet10,6,2,3,-0.5468142582885068
h9,0,ResNet10,6,2,4,0.22426506868297463
h9,0,ResNet10,6,2,5,-1.3191591441510289
h9,0,ResNet10,6,2,6,0.4266071275061739
h9,0,ResNet10,6,2,7,-1.0149588782560734
h9,0,ResNet10,6,2,8,0.4234017765451579
h9,0,ResNet10,6,2,9,0.40422133012867123
h9,0,ResNet10,7,3,0,-0.20821986715492463
h9,0,ResNet10,7,3,1,0.8668993074709687
h9,0,ResNet10,7,3,2,-0.8917935615333018
h9,0,ResNet10,7,3,3,0.033927858810178034
h9,0,ResNet10,7,3,4,-0.3572200987759376
h9,0,ResNet10,7,3,5,-1.178799383966266
h9,0,ResNet10,7,3,6,-0.4931989968150289
h9,0,ResNet10,7,3,7,0.47182436319155213
h9,0,ResNet10,7,3,8,0.8687984354995385
h9,0,ResNet10,7,3,9,0.8877819432732212
h9,0,ResNet10,8,0,0,3.542353622308112
h9,0,ResNet10,8,0,1,0.19526892149927086
h9,0,ResNet10,8,0,2,-0.4545332985695049
h9,0,ResNet10,8,0,3,-1.5886743666548009
h9,0,ResNet10,8,0,4,2.75630000267176
h9,0,ResNet10,8,0,5,-2.450067856119561
h9,0,ResNet10,8,0,6,-0.753625590219281
h9,0,ResNet10,8,0,7,-1.809517791232475
h9,0,ResNet10,8,0,8,0.31570990297081286
h9,0,ResNet10,8,0,9,0.24678645334566912
h9,0,ResNet10,9,1,0,-0.12880105746655268
h9,0,ResNet10,9,1,1,-0.0357541171443006
h9,0,ResNet10,9,1,2,-0.2880771590106292
h9,0,ResNet10,9,1,3,0.10484500526801412
h9,0,ResNet10,9,1,4,0.08820443017514462
h9,0,ResNet10,9,1,5,0.8221840889749434
h9,0,ResNet10,9,1,6,-0.4466155260102403
h9,0,ResNet10,9,1,7,-0.05975300828302615
h9,0,ResNet10,9,1,8,-0.03412001247209879
h9,0,ResNet10,9,1,9,-0.022112644031253036
h9,1,ResNet12,0,1,0,0.8153828078916886
h9,1,ResNet12,0,1,1,-0.6737444796363244
h9,1,ResNet12,0,1,2,-0.470164295571418
h9,1,ResNet12,0,1,3,-0.3170127813591681
h9,1,ResNet12,0,1,4,0.6733735147445886
h9,1,ResNet12,0,1,5,-0.28901991429683893
h9,1,ResNet12,0,1,6,-0.1376311015851373
h9,1,ResNet12,0,1,7,-0.23670017975349872
h9,1,ResNet12,0,1,8,0.6909165350785568
h9,1,ResNet12,0,1,9,-0.05540010551244712
h9,1,ResNet12,1,2,0,-0.5958091147589306
h9,1,ResNet12,1,2,1,0.5350601749565802
h9,1,ResNet12,1,2,2,-0.7248325296665892
h9,1,ResNet12,1,2,3,0.6050168415742633
h9,1,ResNet12,1,2,4,-0.4678424924449923
h9,1,ResNet12,1,2,5,0.5415574529264576
h9,1,ResNet12,1,2,6,0.012229919067107128
h9,1,ResNet12,1,2,7,0.2573699591448633
h9,1,ResNet12,1,2,8,-0.33738044638850734
h9,1,ResNet12,1,2,9,0.17463023558974616
h9,1,ResNet12,2,3,0,-0.12017443504407725
h9,1,ResNet12,2,3,1,-0.5047535606500805
h9,1,ResNet12,2,3,2,1.3751465907045115
h9,1,ResNet12,2,3,3,-0.012103357979258227
h9,1,ResNet12,2,3,4,-0.05461542502280188
h9,1,ResNet12,2,3,5,-0.16926900773355022
h9,1,ResNet12,2,3,6,0.07586628738999372
h9,1,ResNet12,2,3,7,-0.031484279635386817
h9,1,ResNet12,2,3,8,-0.4273870008294896
h9,1,ResNet12,2,3,9,-0.1312258111998621
h9,1,ResNet12,3,0,0,-1.2888254364776264
h9,1,ResNet12,3,0,1,-0.17661945607257995
h9,1,ResNet12,3,0,2,-1.4970664672527445
h9,1,ResNet12,3,0,3,2.5857294263676276
h9,1,ResNet12,3,0,4,-0.6410726137113139
h9,1,ResNet12,3,0,5,0.4665020392486215
h9,1,ResNet12,3,0,6,0.143028666997232
h9,1,ResNet12,3,0,7,1.3200900554837107
h9,1,ResNet12,3,0,8,-1.0478306924267675
h9,1,ResNet12,3,0,9,0.1360644778438303
h9,1,ResNet12,4,1,0,0.8153828078916886
h9,1,ResNet12,4,1,1,-0.6737444796363244
h9,1,ResNet12,4,1,2,-0.470164295571418
h9,1,ResNet12,4,1,3,-0.3170127813591681
h9,1,ResNet12,4,1,4,0.6733735147445886
h9,1,ResNet12,4,1,5,-0.28901991429683893
h9,1,ResNet12,4,1,6,-0.1376311015851373
h9,1,ResNet12,4,1,7,-0.23670017975349872
h9,1,ResNet12,4,1,8,0.6909165350785568
h9,1,ResNet12,4,1,9,-0.05540010551244712
h9,1,ResNet12,5,2,0,-0.5958091147589306
h9,1,ResNet12,5,2,1,0.5350601749565802
h9,1,ResNet12,5,2,2,-0.7248325296665892
h9,1,ResNet12,5,2,3,0.6050168415742633
h9,1,ResNet12,5,2,4,-0.4678424924449923
h9,1,ResNet12,5,2,5,0.5415574529264576
h9,1,ResNet12,5,2,6,0.012229919067107128
h9,1,ResNet12,5,2,7,0.2573699591448633
h9,1,ResNet12,5,2,8,-0.33738044638850734
h9,1,ResNet12,5,2,9,0.17463023558974616
h9,1,ResNet12,6,3,0,-0.12017443504407725
h9,1,ResNet12,6,3,1,-0.5047535606500805
h9,1,ResNet12,6,3,2,1.3751465907045115
h9,1,ResNet12,6,3,3,-0.012103357979258227
h9,1,ResNet12,6,3,4,-0.05461542502280188
h9,1,ResNet12,6,3,5,-0.16926900773355022
h9,1,ResNet12,6,3,6,0.07586628738999372
h9,1,ResNet12,6,3,7,-0.031484279635386817
h9,1,ResNet12,6,3,8,-0.4273870008294896
h9,1,ResNet12,6,3,9,-0.1312258111998621
h9,1,ResNet12,7,0,0,-1.2888254364776264
h9,1,ResNet12,7,0,1,-0.17661945607257995
h9,1,ResNet12,7,0,2,-1.4970664672527445
h9,1,ResNet12,7,0,3,2.5857294263676276
h9,1,ResNet12,7,0,4,-0.6410726137113139
h9,1,ResNet12,7,0,5,0.4665020392486215
h9,1,ResNet12,7,0,6,0.143028666997232
h9,1,ResNet12,7,0,7,1.3200900554837107
h9,1,ResNet12,7,0,8,-1.0478306924267675
h9,1,ResNet12,7,0,9,0.1360644778438303
h9,1,ResNet12,8,1,0,0.8153828078916886
h9,1,ResNet12,8,1,1,-0.6737444796363244
h9,1,ResNet12,8,1,2,-0.470164295571418
h9,1,ResNet12,8,1,3,-0.3170127813591681
h9,1,ResNet12,8,1,4,0.6733735147445886
h9,1,ResNet12,8,1,5,-0.28901991429683893
h9,1,ResNet12,8,1,6,-0.1376311015851373
h9,1,ResNet12,8,1,7,-0.23670017975349872
h9,1,ResNet12,8,1,8,0.6909165350785568
h9,1,ResNet12,8,1,9,-0.05540010551244712
h9,1,ResNet12,9,2,0,-0.5958091147589306
h9,1,ResNet12,9,2,1,0.5350601749565802
h9,1,ResNet12,9,2,2,-0.7248325296665892
h9,1,ResNet12,9,2,3,0.6050168415742633
h9,1,ResNet12,9,2,4,-0.4678424924449923
h9,1,ResNet12,9,2,5,0.5415574529264576
h9,1,ResNet12,9,2,6,0.012229919067107128
h9,1,ResNet12,9,2,7,0.2573699591448633
h9,1,ResNet12,9,2,8,-0.33738044638850734
h9,1,ResNet12,9,2,9,0.17463023558974616
h9,2,ShuffleNet,0,2,0,0.5483664064424951
h9,2,ShuffleNet,0,2,1,-0.17285546308366956
h9,2,ShuffleNet,0,2,2,0.23039136399982296
h9,2,ShuffleNet,0,2,3,-0.45034073163984495
h9,2,ShuffleNet,0,2,4,0.04352212694375937
h9,2,ShuffleNet,0,2,5,-0.3021408855143837
h9,2,ShuffleNet,0,2,6,0.1948019514430748
h9,2,ShuffleNet,0,2,7,-0.5805836706730483
h9,2,ShuffleNet,0,2,8,0.7508599574709965
h9,2,ShuffleNet,0,2,9,-0.2620210553892013
h9,2,ShuffleNet,1,3,0,-0.4316250542648785
h9,2,ShuffleNet,1,3,1,0.3986334096549532
h9,2,ShuffleNet,1,3,2,-0.16058623711966236
h9,2,ShuffleNet,1,3,3,0.0995718164338844
h9,2,ShuffleNet,1,3,4,0.03183538203266218
h9,2,ShuffleNet,1,3,5,0.0881264419180133
h9,2,ShuffleNet,1,3,6,-0.10931975537056947
h9,2,ShuffleNet,1,3,7,0.015173572825861063
h9,2,ShuffleNet,1,3,8,-0.2656435100768391
h9,2,ShuffleNet,1,3,9,0.33383393396657546
h9,2,ShuffleNet,2,0,0,0.20144730918079606
h9,2,ShuffleNet,2,0,1,-0.19080145091331954
h9,2,ShuffleNet,2,0,2,0.7071533757267372
h9,2,ShuffleNet,2,0,3,-0.6527556306022733
h9,2,ShuffleNet,2,0,4,0.12760190230916965
h9,2,ShuffleNet,2,0,5,-0.41277198523334474
h9,2,ShuffleNet,2,0,6,0.8853148687679717
h9,2,ShuffleNet,2,0,7,-0.6208442276058179
h9,2,ShuffleNet,2,0,8,0.40088009916133854
h9,2,ShuffleNet,2,0,9,-0.44522426079126004
h9,2,ShuffleNet,3,1,0,-0.3798132060823057
h9,2,ShuffleNet,3,1,1,-0.055284868525273624
h9,2,ShuffleNet,3,1,2,-0.14469816996458995
h9,2,ShuffleNet,3,1,3,0.4747641357091763
h9,2,ShuffleNet,3,1,4,-0.002187413177613826
h9,2,ShuffleNet,3,1,5,0.21562696811771154
h9,2,ShuffleNet,3,1,6,-0.1703298986644806
h9,2,ShuffleNet,3,1,7,0.4997224296758814
h9,2,ShuffleNet,3,1,8,-0.41911699491128407
h9,2,ShuffleNet,3,1,9,-0.018682982177220878
h9,2,ShuffleNet,4,2,0,0.5483664064424951
h9,2,ShuffleNet,4,2,1,-0.17285546308366956
h9,2,ShuffleNet,4,2,2,0.23039136399982296
h9,2,ShuffleNet,4,2,3,-0.45034073163984495
h9,2,ShuffleNet,4,2,4,0.04352212694375937
h9,2,ShuffleNet,4,2,5,-0.3021408855143837
h9,2,ShuffleNet,4,2,6,0.1948019514430748
h9,2,ShuffleNet,4,2,7,-0.5805836706730483
h9,2,ShuffleNet,4,2,8,0.7508599574709965
h9,2,ShuffleNet,4,2,9,-0.2620210553892013
h9,2,ShuffleNet,5,3,0,-0.4316250542648785
h9,2,ShuffleNet,5,3,1,0.3986334096549532
h9,2,ShuffleNet,5,3,2,-0.16058623711966236
h9,2,ShuffleNet,5,3,3,0.0995718164338844
h9,2,ShuffleNet,5,3,4,0.03183538203266218
h9,2,ShuffleNet,5,3,5,0.0881264419180133
h9,2,ShuffleNet,5,3,6,-0.10931975537056947
h9,2,ShuffleNet,5,3,7,0.015173572825861063
h9,2,ShuffleNet,5,3,8,-0.2656435100768391
h9,2,ShuffleNet,5,3,9,0.33383393396657546
h9,2,ShuffleNet,6,0,0,0.20144730918079606
h9,2,ShuffleNet,6,0,1,-0.19080145091331954
h9,2,ShuffleNet,6,0,2,0.7071533757267372
h9,2,ShuffleNet,6,0,3,-0.6527556306022733
h9,2,ShuffleNet,6,0,4,0.12760190230916965
h9,2,ShuffleNet,6,0,5,-0.41277198523334474
h9,2,ShuffleNet,6,0,6,0.8853148687679717
h9,2,ShuffleNet,6,0,7,-0.6208442276058179
h9,2,ShuffleNet,6,0,8,0.40088009916133854
h9,2,ShuffleNet,6,0,9,-0.44522426079126004
h9,2,ShuffleNet,7,1,0,-0.3798132060823057
h9,2,ShuffleNet,7,1,1,-0.055284868525273624
h9,2,ShuffleNet,7,1,2,-0.14469816996458995
h9,2,ShuffleNet,7,1,3,0.4747641357091763
h9,2,ShuffleNet,7,1,4,-0.002187413177613826
h9,2,ShuffleNet,7,1,5,0.21562696811771154
h9,2,ShuffleNet,7,1,6,-0.1703298986644806
h9,2,ShuffleNet,7,1,7,0.4997224296758814
h9,2,ShuffleNet,7,1,8,-0.41911699491128407
h9,2,ShuffleNet,7,1,9,-0.018682982177220878
h9,2,ShuffleNet,8,2,0,0.5483664064424951
h9,2,ShuffleNet,8,2,1,-0.17285546308366956
h9,2,ShuffleNet,8,2,2,0.23039136399982296
h9,2,ShuffleNet,8,2,3,-0.45034073163984495
h9,2,ShuffleNet,8,2,4,0.04352212694375937
h9,2,ShuffleNet,8,2,5,-0.3021408855143837
h9,2,ShuffleNet,8,2,6,0.1948019514430748
h9,2,ShuffleNet,8,2,7,-0.5805836706730483
h9,2,ShuffleNet,8,2,8,0.7508599574709965
h9,2,ShuffleNet,8,2,9,-0.2620210553892013
h9,2,ShuffleNet,9,3,0,-0.4316250542648785
h9,2,ShuffleNet,9,3,1,0.3986334096549532
h9,2,ShuffleNet,9,3,2,-0.16058623711966236
h9,2,ShuffleNet,9,3,3,0.0995718164338844
h9,2,ShuffleNet,9,3,4,0.03183538203266218
h9,2,ShuffleNet,9,3,5,0.0881264419180133
h9,2,ShuffleNet,9,3,6,-0.10931975537056947
h9,2,ShuffleNet,9,3,7,0.015173572825861063
h9,2,ShuffleNet,9,3,8,-0.2656435100768391
h9,2,ShuffleNet,9,3,9,0.33383393396657546
h9,3,Mobilenetv2,0,3,0,0.5113906799536577
h9,3,Mobilenetv2,0,3,1,-0.20527372155055462
h9,3,Mobilenetv2,0,3,2,-0.15411626839338566
h9,3,Mobilenetv2,0,3,3,-0.23115728667886173
h9,3,Mobilenetv2,0,3,4,0.5240141326756437
h9,3,Mobilenetv2,0,3,5,-0.7024500502374471
h9,3,Mobilenetv2,0,3,6,-0.11761552299879532
h9,3,Mobilenetv2,0,3,7,-0.06393162182045567
h9,3,Mobilenetv2,0,3,8,0.5857149019258079
h9,3,Mobilenetv2,0,3,9,-0.14657524287560844
h9,3,Mobilenetv2,1,0,0,-1.3592079757463806
h9,3,Mobilenetv2,1,0,1,1.325180391858899
h9,3,Mobilenetv2,1,0,2,-0.9000352557069892
h9,3,Mobilenetv2,1,0,3,0.2744639386606469
h9,3,Mobilenetv2,1,0,4,-0.8300076602136784
h9,3,Mobilenetv2,1,0,5,1.8904027485747756
h9,3,Mobilenetv2,1,0,6,-0.8326681879198954
h9,3,Mobilenetv2,1,0,7,0.414877448957647
h9,3,Mobilenetv2,1,0,8,-1.304580645286585
h9,3,Mobilenetv2,1,0,9,1.3215751968215548
h9,3,Mobilenetv2,2,1,0,0.03157907278505846
h9,3,Mobilenetv2,2,1,1,-0.29084744076358526
h9,3,Mobilenetv2,2,1,2,0.2768998927791008
h9,3,Mobilenetv2,2,1,3,-0.00048077032432406743
h9,3,Mobilenetv2,2,1,4,0.19820260432495918
h9,3,Mobilenetv2,2,1,5,-0.20468404265073545
h9,3,Mobilenetv2,2,1,6,0.2927975587403241
h9,3,Mobilenetv2,2,1,7,-0.06725517136102949
h9,3,Mobilenetv2,2,1,8,0.021010062161809024
h9,3,Mobilenetv2,2,1,9,-0.2572217656915776
h9,3,Mobilenetv2,3,2,0,-0.23148680474570327
h9,3,Mobilenetv2,3,2,1,0.31765649719845096
h9,3,Mobilenetv2,3,2,2,-0.3303120367865787
h9,3,Mobilenetv2,3,2,3,0.08496623387636779
h9,3,Mobilenetv2,3,2,4,-0.2101606252821478
h9,3,Mobilenetv2,3,2,5,0.3825013122781054
h9,3,Mobilenetv2,3,2,6,-0.2574049279158011
h9,3,Mobilenetv2,3,2,7,0.11504415249648253
h9,3,Mobilenetv2,3,2,8,-0.2326482546506355
h9,3,Mobilenetv2,3,2,9,0.3618444535314596
h9,3,Mobilenetv2,4,3,0,0.5113906799536577
h9,3,Mobilenetv2,4,3,1,-0.20527372155055462
h9,3,Mobilenetv2,4,3,2,-0.15411626839338566
h9,3,Mobilenetv2,4,3,3,-0.23115728667886173
h9,3,Mobilenetv2,4,3,4,0.5240141326756437
h9,3,Mobilenetv2,4,3,5,-0.7024500502374471
h9,3,Mobilenetv2,4,3,6,-0.11761552299879532
h9,3,Mobilenetv2,4,3,7,-0.06393162182045567
h9,3,Mobilenetv2,4,3,8,0.5857149019258079
h9,3,Mobilenetv2,4,3,9,-0.14657524287560844
h9,3,Mobilenetv2,5,0,0,-1.3592079757463806
h9,3,Mobilenetv2,5,0,1,1.325180391858899
h9,3,Mobilenetv2,5,0,2,-0.9000352557069892
h9,3,Mobilenetv2,5,0,3,0.2744639386606469
h9,3,Mobilenetv2,5,0,4,-0.8300076602136784
h9,3,Mobilenetv2,5,0,5,1.8904027485747756
h9,3,Mobilenetv2,5,0,6,-0.8326681879198954
h9,3,Mobilenetv2,5,0,7,0.414877448957647
h9,3,Mobilenetv2,5,0,8,-1.304580645286585
h9,3,Mobilenetv2,5,0,9,1.3215751968215548
h9,3,Mobilenetv2,6,1,0,0.03157907278505846
h9,3,Mobilenetv2,6,1,1,-0.29084744076358526
h9,3,Mobilenetv2,6,1,2,0.2768998927791008
h9,3,Mobilenetv2,6,1,3,-0.00048077032432406743
h9,3,Mobilenetv2,6,1,4,0.19820260432495918
h9,3,Mobilenetv2,6,1,5,-0.20468404265073545
h9,3,Mobilenetv2,6,1,6,0.2927975587403241
h9,3,Mobilenetv2,6,1,7,-0.06725517136102949
h9,3,Mobilenetv2,6,1,8,0.021010062161809024
h9,3,Mobilenetv2,6,1,9,-0.2572217656915776
h9,3,Mobilenetv2,7,2,0,-0.23148680474570327
h9,3,Mobilenetv2,7,2,1,0.31765649719845096
h9,3,Mobilenetv2,7,2,2,-0.3303120367865787
h9,3,Mobilenetv2,7,2,3,0.08496623387636779
h9,3,Mobilenetv2,7,2,4,-0.2101606252821478
h9,3,Mobilenetv2,7,2,5,0.3825013122781054
h9,3,Mobilenetv2,7,2,6,-0.2574049279158011
h9,3,Mobilenetv2,7,2,7,0.11504415249648253
h9,3,Mobilenetv2,7,2,8,-0.2326482546506355
h9,3,Mobilenetv2,7,2,9,0.3618444535314596
h9,3,Mobilenetv2,8,3,0,0.5113906799536577
h9,3,Mobilenetv2,8,3,1,-0.20527372155055462
h9,3,Mobilenetv2,8,3,2,-0.15411626839338566
h9,3,Mobilenetv2,8,3,3,-0.23115728667886173
h9,3,Mobilenetv2,8,3,4,0.5240141326756437
h9,3,Mobilenetv2,8,3,5,-0.7024500502374471
h9,3,Mobilenetv2,8,3,6,-0.11761552299879532
h9,3,Mobilenetv2,8,3,7,-0.06393162182045567
h9,3,Mobilenetv2,8,3,8,0.5857149019258079
h9,3,Mobilenetv2,8,3,9,-0.14657524287560844
h9,3,Mobilenetv2,9,0,0,-1.3592079757463806
h9,3,Mobilenetv2,9,0,1,1.325180391858899
h9,3,Mobilenetv2,9,0,2,-0.9000352557069892
h9,3,Mobilenetv2,9,0,3,0.2744639386606469
h9,3,Mobilenetv2,9,0,4,-0.8300076602136784
h9,3,Mobilenetv2,9,0,5,1.8904027485747756
h9,3,Mobilenetv2,9,0,6,-0.8326681879198954
h9,3,Mobilenetv2,9,0,7,0.414877448957647
h9,3,Mobilenetv2,9,0,8,-1.304580645286585
h9,3,Mobilenetv2,9,0,9,1.3215751968215548
l0,0,ResNet10,0,0,0,-0.40475609024788195
l0,0,ResNet10,0,0,1,0.7254382834634034
l0,0,ResNet10,0,0,2,-0.2810712033513373
l0,0,ResNet10,0,0,3,-0.05491606925024613
l0,0,ResNet10,0,0,4,-0.13247580976345721
l0,0,ResNet10,0,0,5,-0.624748182710436
l0,0,ResNet10,0,0,6,-0.3167014088386669
l0,0,ResNet10,0,0,7,-0.3870820028047888
l0,0,ResNet10,0,0,8,0.7279748653066622
l0,0,ResNet10,0,0,9,0.7483376181967479
l0,0,ResNet10,1,1,0,0.050028331968031005
l0,0,ResNet10,1,1,1,-0.11357654993878999
l0,0,ResNet10,1,1,2,-0.004743958899653998
l0,0,ResNet10,1,1,3,0.06901121948760221
l0,0,ResNet10,1,1,4,0.18720821304225155
l0,0,ResNet10,1,1,5,0.10601400496536811
l0,0,ResNet10,1,1,6,-0.06540019993335648
l0,0,ResNet10,1,1,7,-0.013336839477468393
l0,0,ResNet10,1,1,8,-0.10890156979002993
l0,0,ResNet10,1,1,9,-0.1063026514239542
l0,0,ResNet10,2,2,0,-0.15137386768240815
l0,0,ResNet10,2,2,1,0.5647015787188342
l0,0,ResNet10,2,2,2,-0.18280626015523352
l0,0,ResNet10,2,2,3,-0.02498963596455019
l0,0,ResNet10,2,2,4,-0.23443356574314936
l0,0,ResNet10,2,2,5,-0.43973939323005146
l0,0,ResNet10,2,2,6,-0.29313507753365736
l0,0,ResNet10,2,2,7,-0.37470629482900564
l0,0,ResNet10,2,2,8,0.5566058245196346
l0,0,ResNet10,2,2,9,0.5798766918995841
l0,0,ResNet10,3,3,0,-0.28045878830887944
l0,0,ResNet10,3,3,1,0.5115685007984415
l0,0,ResNet10,3,3,2,-0.2587362744227184
l0,0,ResNet10,3,3,3,-0.011296799605209852
l0,0,ResNet10,3,3,4,-0.21668510848874234
l0,0,ResNet10,3,3,5,-0.2694831230837727
l0,0,ResNet10,3,3,6,-0.2790863234374507
l0,0,ResNet10,3,3,7,-0.23354298726678263
l0,0,ResNet10,3,3,8,0.5135736882894936
l0,0,ResNet10,3,3,9,0.5241472155256219
l0,0,ResNet10,4,0,0,-0.40475609024788195
l0,0,ResNet10,4,0,1,0.7254382834634034
l0,0,ResNet10,4,0,2,-0.2810712033513373
l0,0,ResNet10,4,0,3,-0.05491606925024613
l0,0,ResNet10,4,0,4,-0.13247580976345721
l0,0,ResNet10,4,0,5,-0.624748182710436
l0,0,ResNet10,4,0,6,-0.3167014088386669
l0,0,ResNet10,4,0,7,-0.3870820028047888
l0,0,ResNet10,4,0,8,0.7279748653066622
l0,0,ResNet10,4,0,9,0.7483376181967479
l0,0,ResNet10,5,1,0,0.050028331968031005
l0,0,ResNet10,5,1,1,-0.11357654993878999
l0,0,ResNet10,5,1,2,-0.004743958899653998
l0,0,ResNet10,5,1,3,0.06901121948760221
l0,0,ResNet10,5,1,4,0.18720821304225155
l0,0,ResNet10,5,1,5,0.10601400496536811
l0,0,ResNet10,5,1,6,-0.06540019993335648
l0,0,ResNet10,5,1,7,-0.013336839477468393
l0,0,ResNet10,5,1,8,-0.10890156979002993
l0,0,ResNet10,5,1,9,-0.1063026514239542
l0,0,ResNet10,6,2,0,-0.15137386768240815
l0,0,ResNet10,6,2,1,0.5647015787188342
l0,0,ResNet10,6,2,2,-0.18280626015523352
l0,0,ResNet10,6,2,3,-0.02498963596455019
l0,0,ResNet10,6,2,4,-0.23443356574314936
l0,0,ResNet10,6,2,5,-0.43973939323005146
l0,0,ResNet10,6,2,6,-0.29313507753365736
l0,0,ResNet10,6,2,7,-0.37470629482900564
l0,0,ResNet10,6,2,8,0.5566058245196346
l0,0,ResNet10,6,2,9,0.5798766918995841
l0,0,ResNet10,7,3,0,-0.28045878830887944
l0,0,ResNet10,7,3,1,0.5115685007984415
l0,0,ResNet10,7,3,2,-0.2587362744227184
l0,0,ResNet10,7,3,3,-0.011296799605209852
l0,0,ResNet10,7,3,4,-0.21668510848874234
l0,0,ResNet10,7,3,5,-0.2694831230837727
l0,0,ResNet10,7,3,6,-0.2790863234374507
l0,0,ResNet10,7,3,7,-0.23354298726678263
l0,0,ResNet10,7,3,8,0.5135736882894936
l0,0,ResNet10,7,3,9,0.5241472155256219
l0,0,ResNet10,8,0,0,-0.40475609024788195
l0,0,ResNet10,8,0,1,0.7254382834634034
l0,0,ResNet10,8,0,2,-0.2810712033513373
l0,0,ResNet10,8,0,3,-0.05491606925024613
l0,0,ResNet10,8,0,4,-0.13247580976345721
l0,0,ResNet10,8,0,5,-0.624748182710436
l0,0,ResNet10,8,0,6,-0.3167014088386669
l0,0,ResNet10,8,0,7,-0.3870820028047888
l0,0,ResNet10,8,0,8,0.7279748653066622
l0,0,ResNet10,8,0,9,0.7483376181967479
l0,0,ResNet10,9,1,0,0.050028331968031005
l0,0,ResNet10,9,1,1,-0.11357654993878999
l0,0,ResNet10,9,1,2,-0.004743958899653998
l0,0,ResNet10,9,1,3,0.06901121948760221
l0,0,ResNet10,9,1,4,0.18720821304225155
l0,0,ResNet10,9,1,5,0.10601400496536811
l0,0,ResNet10,9,1,6,-0.06540019993335648
l0,0,ResNet10,9,1,7,-0.013336839477468393
l0,0,ResNet10,9,1,8,-0.10890156979002993
l0,0,ResNet10,9,1,9,-0.1063026514239542
l0,1,ResNet12,0,1,0,0.013154445403212962
l0,1,ResNet12,0,1,1,-0.34013411874515953
l0,1,ResNet12,0,1,2,0.07242283061031475
l0,1,ResNet12,0,1,3,-0.022503856540753417
l0,1,ResNet12,0,1,4,0.2384521175721935
l0,1,ResNet12,0,1,5,0.09381706795927637
l0,1,ResNet12,0,1,6,0.0846386354171592
l0,1,ResNet12,0,1,7,0.031500038876151104
l0,1,ResNet12,0,1,8,-0.0042197484595628875
l0,1,ResNet12,0,1,9,-0.16712741209283144
l0,1,ResNet12,1,2,0,-0.1274793460099948
l0,1,ResNet12,1,2,1,0.033789342903163294
l0,1,ResNet12,1,2,2,-0.13470659422326148
l0,1,ResNet12,1,2,3,-0.18786571536752258
l0,1,ResNet12,1,2,4,0.04357410591381786
l0,1,ResNet12,1,2,5,-0.1439827369862348
l0,1,ResNet12,1,2,6,0.20295696594374327
l0,1,ResNet12,1,2,7,-0.21637969447213432
l0,1,ResNet12,1,2,8,-0.015574791782731377
l0,1,ResNet12,1,2,9,0.5456684640811532
l0,1,ResNet12,2,3,0,-0.22262896128491913
l0,1,ResNet12,2,3,1,-0.23696337687797217
l0,1,ResNet12,2,3,2,-0.12266783897187793
l0,1,ResNet12,2,3,3,-0.18951583038435904
l0,1,ResNet12,2,3,4,0.012540093321101444
l0,1,ResNet12,2,3,5,-0.05426898891007498
l0,1,ResNet12,2,3,6,0.41910969260576236
l0,1,ResNet12,2,3,7,-0.08943707396208418
l0,1,ResNet12,2,3,8,-0.08839977465025131
l0,1,ResNet12,2,3,9,0.5722320591146753
l0,1,ResNet12,3,0,0,-0.21433703364608142
l0,1,ResNet12,3,0,1,-0.5641316863502976
l0,1,ResNet12,3,0,2,0.05835808145637635
l0,1,ResNet12,3,0,3,-0.06581522279790358
l0,1,ResNet12,3,0,4,0.27364279556655097
l0,1,ResNet12,3,0,5,0.17935608563517882
l0,1,ResNet12,3,0,6,0.33764225431558864
l0,1,ResNet12,3,0,7,-0.05109892458833583
l0,1,ResNet12,3,0,8,-0.29398828780558867
l0,1,ResNet12,3,0,9,0.3403719382145119
l0,1,ResNet12,4,1,0,0.013154445403212962
l0,1,ResNet12,4,1,1,-0.34013411874515953
l0,1,ResNet12,4,1,2,0.07242283061031475
l0,1,ResNet12,4,1,3,-0.022503856540753417
l0,1,ResNet12,4,1,4,0.2384521175721935
l0,1,ResNet12,4,1,5,0.09381706795927637
l0,1,ResNet12,4,1,6,0.0846386354171592
l0,1,ResNet12,4,1,7,0.031500038876151104
l0,1,ResNet12,4,1,8,-0.0042197484595628875
l0,1,ResNet12,4,1,9,-0.16712741209283144
l0,1,ResNet12,5,2,0,-0.1274793460099948
l0,1,ResNet12,5,2,1,0.033789342903163294
l0,1,ResNet12,5,2,2,-0.13470659422326148
l0,1,ResNet12,5,2,3,-0.18786571536752258
l0,1,ResNet12,5,2,4,0.04357410591381786
l0,1,ResNet12,5,2,5,-0.1439827369862348
l0,1,ResNet12,5,2,6,0.20295696594374327
l0,1,ResNet12,5,2,7,-0.21637969447213432
l0,1,ResNet12,5,2,8,-0.015574791782731377
l0,1,ResNet12,5,2,9,0.5456684640811532
l0,1,ResNet12,6,3,0,-0.22262896128491913
l0,1,ResNet12,6,3,1,-0.23696337687797217
l0,1,ResNet12,6,3,2,-0.12266783897187793
l0,1,ResNet12,6,3,3,-0.18951583038435904
l0,1,ResNet12,6,3,4,0.012540093321101444
l0,1,ResNet12,6,3,5,-0.05426898891007498
l0,1,ResNet12,6,3,6,0.41910969260576236
l0,1,ResNet12,6,3,7,-0.08943707396208418
l0,1,ResNet12,6,3,8,-0.08839977465025131
l0,1,ResNet12,6,3,9,0.5722320591146753
l0,1,ResNet12,7,0,0,-0.21433703364608142
l0,1,ResNet12,7,0,1,-0.5641316863502976
l0,1,ResNet12,7,0,2,0.05835808145637635
l0,1,ResNet12,7,0,3,-0.06581522279790358
l0,1,ResNet12,7,0,4,0.27364279556655097
l0,1,ResNet12,7,0,5,0.17935608563517882
l0,1,ResNet12,7,0,6,0.33764225431558864
l0,1,ResNet12,7,0,7,-0.05109892458833583
l0,1,ResNet12,7,0,8,-0.29398828780558867
l0,1,ResNet12,7,0,9,0.3403719382145119
l0,1,ResNet12,8,1,0,0.013154445403212962
l0,1,ResNet12,8,1,1,-0.34013411874515953
l0,1,ResNet12,8,1,2,0.07242283061031475
l0,1,ResNet12,8,1,3,-0.022503856540753417
l0,1,ResNet12,8,1,4,0.2384521175721935
l0,1,ResNet12,8,1,5,0.09381706795927637
l0,1,ResNet12,8,1,6,0.0846386354171592
l0,1,ResNet12,8,1,7,0.031500038876151104
l0,1,ResNet12,8,1,8,-0.0042197484595628875
l0,1,ResNet12,8,1,9,-0.16712741209283144
l0,1,ResNet12,9,2,0,-0.1274793460099948
l0,1,ResNet12,9,2,1,0.033789342903163294
l0,1,ResNet12,9,2,2,-0.13470659422326148
l0,1,ResNet12,9,2,3,-0.18786571536752258
l0,1,ResNet12,9,2,4,0.04357410591381786
l0,1,ResNet12,9,2,5,-0.1439827369862348
l0,1,ResNet12,9,2,6,0.20295696594374327
l0,1,ResNet12,9,2,7,-0.21637969447213432
l0,1,ResNet12,9,2,8,-0.015574791782731377
l0,1,ResNet12,9,2,9,0.5456684640811532
l0,2,ShuffleNet,0,2,0,-0.02402084038414896
l0,2,ShuffleNet,0,2,1,-0.2789577975514201
l0,2,ShuffleNet,0,2,2,-0.028714067649360412
l0,2,ShuffleNet,0,2,3,-0.06817946331723973
l0,2,ShuffleNet,0,2,4,0.4845894219415946
l0,2,ShuffleNet,0,2,5,0.2425801377141558
l0,2,ShuffleNet,0,2,6,0.11538572794157337
l0,2,ShuffleNet,0,2,7,-0.1532311165818042
l0,2,ShuffleNet,0,2,8,-0.04085742874683391
l0,2,ShuffleNet,0,2,9,-0.2485945733665139
l0,2,ShuffleNet,1,3,0,-0.2664498774537512
l0,2,ShuffleNet,1,3,1,-0.11931921339005752
l0,2,ShuffleNet,1,3,2,0.10290598994903773
l0,2,ShuffleNet,1,3,3,0.037747385892696876
l0,2,ShuffleNet,1,3,4,0.4887123066837921
l0,2,ShuffleNet,1,3,5,0.21814617368887065
l0,2,ShuffleNet,1,3,6,-0.03687748026677219
l0,2,ShuffleNet,1,3,7,-0.11070553548964808
l0,2,ShuffleNet,1,3,8,-0.18249762886272708
l0,2,ShuffleNet,1,3,9,-0.13166212075144093
l0,2,ShuffleNet,2,0,0,-0.27403071908829124
l0,2,ShuffleNet,2,0,1,-0.27679114947438305
l0,2,ShuffleNet,2,0,2,0.05508222686511362
l0,2,ShuffleNet,2,0,3,-0.2091804590561558
l0,2,ShuffleNet,2,0,4,0.6798008212914357
l0,2,ShuffleNet,2,0,5,0.45482420150417796
l0,2,ShuffleNet,2,0,6,0.38263824496805277
l0,2,ShuffleNet,2,0,7,-0.14785919083028137
l0,2,ShuffleNet,2,0,8,-0.3389028163897107
l0,2,ShuffleNet,2,0,9,-0.3255811597899547
l0,2,ShuffleNet,3,1,0,-0.1154932478447693
l0,2,ShuffleNet,3,1,1,-0.16524425243284582
l0,2,ShuffleNet,3,1,2,0.09502478684036371
l0,2,ShuffleNet,3,1,3,0.00015383883187308398
l0,2,ShuffleNet,3,1,4,0.2956744132644268
l0,2,ShuffleNet,3,1,5,0.10115041460517314
l0,2,ShuffleNet,3,1,6,-0.03520310610231483
l0,2,ShuffleNet,3,1,7,0.0784902274516476
l0,2,ShuffleNet,3,1,8,-0.13431312873074466
l0,2,ShuffleNet,3,1,9,-0.12023994588280976
l0,2,ShuffleNet,4,2,0,-0.02402084038414896
l0,2,ShuffleNet,4,2,1,-0.2789577975514201
l0,2,ShuffleNet,4,2,2,-0.028714067649360412
l0,2,ShuffleNet,4,2,3,-0.06817946331723973
l0,2,ShuffleNet,4,2,4,0.4845894219415946
l0,2,ShuffleNet,4,2,5,0.2425801377141558
l0,2,ShuffleNet,4,2,6,0.11538572794157337
l0,2,ShuffleNet,4,2,7,-0.1532311165818042
l0,2,ShuffleNet,4,2,8,-0.04085742874683391
l0,2,ShuffleNet,4,2,9,-0.2485945733665139
l0,2,ShuffleNet,5,3,0,-0.2664498774537512
l0,2,ShuffleNet,5,3,1,-0.11931921339005752
l0,2,ShuffleNet,5,3,2,0.10290598994903773
l0,2,ShuffleNet,5,3,3,0.037747385892696876
l0,2,ShuffleNet,5,3,4,0.4887123066837921
l0,2,ShuffleNet,5,3,5,0.21814617368887065
l0,2,ShuffleNet,5,3,6,-0.03687748026677219
l0,2,ShuffleNet,5,3,7,-0.11070553548964808
l0,2,ShuffleNet,5,3,8,-0.18249762886272708
l0,2,ShuffleNet,5,3,9,-0.13166212075144093
l0,2,ShuffleNet,6,0,0,-0.27403071908829124
l0,2,ShuffleNet,6,0,1,-0.27679114947438305
l0,2,ShuffleNet,6,0,2,0.05508222686511362
l0,2,ShuffleNet,6,0,3,-0.2091804590561558
l0,2,ShuffleNet,6,0,4,0.6798008212914357
l0,2,ShuffleNet,6,0,5,0.45482420150417796
l0,2,ShuffleNet,6,0,6,0.38263824496805277
l0,2,ShuffleNet,6,0,7,-0.14785919083028137
l0,2,ShuffleNet,6,0,8,-0.3389028163897107
l0,2,ShuffleNet,6,0,9,-0.3255811597899547
l0,2,ShuffleNet,7,1,0,-0.1154932478447693
l0,2,ShuffleNet,7,1,1,-0.16524425243284582
l0,2,ShuffleNet,7,1,2,0.09502478684036371
l0,2,ShuffleNet,7,1,3,0.00015383883187308398
l0,2,ShuffleNet,7,1,4,0.2956744132644268
l0,2,ShuffleNet,7,1,5,0.10115041460517314
l0,2,ShuffleNet,7,1,6,-0.03520310610231483
l0,2,ShuffleNet,7,1,7,0.0784902274516476
l0,2,ShuffleNet,7,1,8,-0.13431312873074466
l0,2,ShuffleNet,7,1,9,-0.12023994588280976
l0,2,ShuffleNet,8,2,0,-0.02402084038414896
l0,2,ShuffleNet,8,2,1,-0.2789577975514201
l0,2,ShuffleNet,8,2,2,-0.028714067649360412
l0,2,ShuffleNet,8,2,3,-0.06817946331723973
l0,2,ShuffleNet,8,2,4,0.4845894219415946
l0,2,ShuffleNet,8,2,5,0.2425801377141558
l0,2,ShuffleNet,8,2,6,0.11538572794157337
l0,2,ShuffleNet,8,2,7,-0.1532311165818042
l0,2,ShuffleNet,8,2,8,-0.04085742874683391
l0,2,ShuffleNet,8,2,9,-0.2485945733665139
l0,2,ShuffleNet,9,3,0,-0.2664498774537512
l0,2,ShuffleNet,9,3,1,-0.11931921339005752
l0,2,ShuffleNet,9,3,2,0.10290598994903773
l0,2,ShuffleNet,9,3,3,0.037747385892696876
l0,2,ShuffleNet,9,3,4,0.4887123066837921
l0,2,ShuffleNet,9,3,5,0.21814617368887065
l0,2,ShuffleNet,9,3,6,-0.03687748026677219
l0,2,ShuffleNet,9,3,7,-0.11070553548964808
l0,2,ShuffleNet,9,3,8,-0.18249762886272708
l0,2,ShuffleNet,9,3,9,-0.13166212075144093
l0,3,Mobilenetv2,0,3,0,-0.10263142204100935
l0,3,Mobilenetv2,0,3,1,-0.2864515350841268
l0,3,Mobilenetv2,0,3,2,-0.01824813534602326
l0,3,Mobilenetv2,0,3,3,0.17522023650973384
l0,3,Mobilenetv2,0,3,4,0.24669195553071988
l0,3,Mobilenetv2,0,3,5,-0.13794117462910066
l0,3,Mobilenetv2,0,3,6,-0.00872043712406001
l0,3,Mobilenetv2,0,3,7,0.44513459481409484
l0,3,Mobilenetv2,0,3,8,-0.09957019166501593
l0,3,Mobilenetv2,0,3,9,-0.21348389096521247
l0,3,Mobilenetv2,1,0,0,-0.20805065387804214
l0,3,Mobilenetv2,1,0,1,-0.12606083890916361
l0,3,Mobilenetv2,1,0,2,-0.1875204288801685
l0,3,Mobilenetv2,1,0,3,0.16940479923403526
l0,3,Mobilenetv2,1,0,4,0.2606895293364129
l0,3,Mobilenetv2,1,0,5,-0.03223498690197113
l0,3,Mobilenetv2,1,0,6,0.27868933706271515
l0,3,Mobilenetv2,1,0,7,0.21151364199771713
l0,3,Mobilenetv2,1,0,8,-0.32432188520213845
l0,3,Mobilenetv2,1,0,9,-0.042108513859396415
l0,3,Mobilenetv2,2,1,0,-0.00017552124547898736
l0,3,Mobilenetv2,2,1,1,-0.2551576592704242
l0,3,Mobilenetv2,2,1,2,0.014746938539267857
l0,3,Mobilenetv2,2,1,3,0.1074196445509719
l0,3,Mobilenetv2,2,1,4,0.11946213841919143
l0,3,Mobilenetv2,2,1,5,-0.047348266115931105
l0,3,Mobilenetv2,2,1,6,-0.016652701348821502
l0,3,Mobilenetv2,2,1,7,0.28517258752170105
l0,3,Mobilenetv2,2,1,8,-0.06157928878917539
l0,3,Mobilenetv2,2,1,9,-0.14588787226130162
l0,3,Mobilenetv2,3,2,0,-0.002344125745825902
l0,3,Mobilenetv2,3,2,1,-0.25101859867176135
l0,3,Mobilenetv2,3,2,2,-0.008013684194990156
l0,3,Mobilenetv2,3,2,3,0.11647792505972741
l0,3,Mobilenetv2,3,2,4,0.11896197396451832
l0,3,Mobilenetv2,3,2,5,-0.06789356465532308
l0,3,Mobilenetv2,3,2,6,0.051202277577443306
l0,3,Mobilenetv2,3,2,7,0.3028452696481806
l0,3,Mobilenetv2,3,2,8,-0.07782362671934782
l0,3,Mobilenetv2,3,2,9,-0.18239384626262062
l0,3,Mobilenetv2,4,3,0,-0.10263142204100935
l0,3,Mobilenetv2,4,3,1,-0.2864515350841268
l0,3,Mobilenetv2,4,3,2,-0.01824813534602326
l0,3,Mobilenetv2,4,3,3,0.17522023650973384
l0,3,Mobilenetv2,4,3,4,0.24669195553071988
l0,3,Mobilenetv2,4,3,5,-0.13794117462910066
l0,3,Mobilenetv2,4,3,6,-0.00872043712406001
l0,3,Mobilenetv2,4,3,7,0.44513459481409484
l0,3,Mobilenetv2,4,3,8,-0.09957019166501593
l0,3,Mobilenetv2,4,3,9,-0.21348389096521247
l0,3,Mobilenetv2,5,0,0,-0.20805065387804214
l0,3,Mobilenetv2,5,0,1,-0.12606083890916361
l0,3,Mobilenetv2,5,0,2,-0.1875204288801685
l0,3,Mobilenetv2,5,0,3,0.16940479923403526
l0,3,Mobilenetv2,5,0,4,0.2606895293364129
l0,3,Mobilenetv2,5,0,5,-0.03223498690197113
l0,3,Mobilenetv2,5,0,6,0.27868933706271515
l0,3,Mobilenetv2,5,0,7,0.21151364199771713
l0,3,Mobilenetv2,5,0,8,-0.32432188520213845
l0,3,Mobilenetv2,5,0,9,-0.042108513859396415
l0,3,Mobilenetv2,6,1,0,-0.00017552124547898736
l0,3,Mobilenetv2,6,1,1,-0.2551576592704242
l0,3,Mobilenetv2,6,1,2,0.014746938539267857
l0,3,Mobilenetv2,6,1,3,0.1074196445509719
l0,3,Mobilenetv2,6,1,4,0.11946213841919143
l0,3,Mobilenetv2,6,1,5,-0.047348266115931105
l0,3,Mobilenetv2,6,1,6,-0.016652701348821502
l0,3,Mobilenetv2,6,1,7,0.28517258752170105
l0,3,Mobilenetv2,6,1,8,-0.06157928878917539
l0,3,Mobilenetv2,6,1,9,-0.14588787226130162
l0,3,Mobilenetv2,7,2,0,-0.002344125745825902
l0,3,Mobilenetv2,7,2,1,-0.25101859867176135
l0,3,Mobilenetv2,7,2,2,-0.008013684194990156
l0,3,Mobilenetv2,7,2,3,0.11647792505972741
l0,3,Mobilenetv2,7,2,4,0.11896197396451832
l0,3,Mobilenetv2,7,2,5,-0.06789356465532308
l0,3,Mobilenetv2,7,2,6,0.051202277577443306
l0,3,Mobilenetv2,7,2,7,0.3028452696481806
l0,3,Mobilenetv2,7,2,8,-0.07782362671934782
l0,3,Mobilenetv2,7,2,9,-0.18239384626262062
l0,3,Mobilenetv2,8,3,0,-0.10263142204100935
l0,3,Mobilenetv2,8,3,1,-0.2864515350841268
l0,3,Mobilenetv2,8,3,2,-0.01824813534602326
l0,3,Mobilenetv2,8,3,3,0.17522023650973384
l0,3,Mobilenetv2,8,3,4,0.24669195553071988
l0,3,Mobilenetv2,8,3,5,-0.13794117462910066
l0,3,Mobilenetv2,8,3,6,-0.00872043712406001
l0,3,Mobilenetv2,8,3,7,0.44513459481409484
l0,3,Mobilenetv2,8,3,8,-0.09957019166501593
l0,3,Mobilenetv2,8,3,9,-0.21348389096521247
l0,3,Mobilenetv2,9,0,0,-0.20805065387804214
l0,3,Mobilenetv2,9,0,1,-0.12606083890916361
l0,3,Mobilenetv2,9,0,2,-0.1875204288801685
l0,3,Mobilenetv2,9,0,3,0.16940479923403526
l0,3,Mobilenetv2,9,0,4,0.2606895293364129
l0,3,Mobilenetv2,9,0,5,-0.03223498690197113
l0,3,Mobilenetv2,9,0,6,0.27868933706271515
l0,3,Mobilenetv2,9,0,7,0.21151364199771713
l0,3,Mobilenetv2,9,0,8,-0.32432188520213845
l0,3,Mobilenetv2,9,0,9,-0.042108513859396415
l9,0,ResNet10,0,0,0,3.542353622308112
l9,0,ResNet10,0,0,1,0.19526892149927086
l9,0,ResNet10,0,0,2,-0.4545332985695049
l9,0,ResNet10,0,0,3,-1.5886743666548009
l9,0,ResNet10,0,0,4,2.75630000267176
l9,0,ResNet10,0,0,5,-2.450067856119561
l9,0,ResNet10,0,0,6,-0.753625590219281
l9,0,ResNet10,0,0,7,-1.809517791232475
l9,0,ResNet10,0,0,8,0.31570990297081286
l9,0,ResNet10,0,0,9,0.24678645334566912
l9,0,ResNet10,1,1,0,-0.12880105746655268
l9,0,ResNet10,1,1,1,-0.0357541171443006
l9,0,ResNet10,1,1,2,-0.2880771590106292
l9,0,ResNet10,1,1,3,0.10484500526801412
l9,0,ResNet10,1,1,4,0.08820443017514462
l9,0,ResNet10,1,1,5,0.8221840889749434
l9,0,ResNet10,1,1,6,-0.4466155260102403
l9,0,ResNet10,1,1,7,-0.05975300828302615
l9,0,ResNet10,1,1,8,-0.03412001247209879
l9,0,ResNet10,1,1,9,-0.022112644031253036
l9,0,ResNet10,2,2,0,0.6543254134679344
l9,0,ResNet10,2,2,1,0.41449234978300664
l9,0,ResNet10,2,2,2,0.3336192145816851
l9,0,ResNet10,2,2,3,-0.5468142582885068
l9,0,ResNet10,2,2,4,0.22426506868297463
l9,0,ResNet10,2,2,5,-1.3191591441510289
l9,0,ResNet10,2,2,6,0.4266071275061739
l9,0,ResNet10,2,2,7,-1.0149588782560734
l9,0,ResNet10,2,2,8,0.4234017765451579
l9,0,ResNet10,2,2,9,0.40422133012867123
l9,0,ResNet10,3,3,0,-0.20821986715492463
l9,0,ResNet10,3,3,1,0.8668993074709687
l9,0,ResNet10,3,3,2,-0.8917935615333018
l9,0,ResNet10,3,3,3,0.033927858810178034
l9,0,ResNet10,3,3,4,-0.3572200987759376
l9,0,ResNet10,3,3,5,-1.178799383966266
l9,0,ResNet10,3,3,6,-0.4931989968150289
l9,0,ResNet10,3,3,7,0.47182436319155213
l9,0,ResNet10,3,3,8,0.8687984354995385
l9,0,ResNet10,3,3,9,0.8877819432732212
l9,0,ResNet10,4,0,0,3.542353622308112
l9,0,ResNet10,4,0,1,0.19526892149927086
l9,0,ResNet10,4,0,2,-0.4545332985695049
l9,0,ResNet10,4,0,3,-1.5886743666548009
l9,0,ResNet10,4,0,4,2.75630000267176
l9,0,ResNet10,4,0,5,-2.450067856119561
l9,0,ResNet10,4,0,6,-0.753625590219281
l9,0,ResNet10,4,0,7,-1.809517791232475
l9,0,ResNet10,4,0,8,0.31570990297081286
l9,0,ResNet10,4,0,9,0.24678645334566912
l9,0,ResNet10,5,1,0,-0.12880105746655268
l9,0,ResNet10,5,1,1,-0.0357541171443006
l9,0,ResNet10,5,1,2,-0.2880771590106292
l9,0,ResNet10,5,1,3,0.10484500526801412
l9,0,ResNet10,5,1,4,0.08820443017514462
l9,0,ResNet10,5,1,5,0.8221840889749434
l9,0,ResNet10,5,1,6,-0.4466155260102403
l9,0,ResNet10,5,1,7,-0.05975300828302615
l9,0,ResNet10,5,1,8,-0.03412001247209879
l9,0,ResNet10,5,1,9,-0.022112644031253036
l9,0,ResNet10,6,2,0,0.6543254134679344
l9,0,ResNet10,6,2,1,0.41449234978300664
l9,0,ResNet10,6,2,2,0.3336192145816851
l9,0,ResNet10,6,2,3,-0.5468142582885068
l9,0,ResNet10,6,2,4,0.22426506868297463
l9,0,ResNet10,6,2,5,-1.3191591441510289
l9,0,ResNet10,6,2,6,0.4266071275061739
l9,0,ResNet10,6,2,7,-1.0149588782560734
l9,0,ResNet10,6,2,8,0.4234017765451579
l9,0,ResNet10,6,2,9,0.40422133012867123
l9,0,ResNet10,7,3,0,-0.20821986715492463
l9,0,ResNet10,7,3,1,0.8668993074709687
l9,0,ResNet10,7,3,2,-0.8917935615333018
l9,0,ResNet10,7,3,3,0.033927858810178034
l9,0,ResNet10,7,3,4,-0.3572200987759376
l9,0,ResNet10,7,3,5,-1.178799383966266
l9,0,ResNet10,7,3,6,-0.4931989968150289
l9,0,ResNet10,7,3,7,0.47182436319155213
l9,0,ResNet10,7,3,8,0.8687984354995385
l9,0,ResNet10,7,3,9,0.8877819432732212
l9,0,ResNet10,8,0,0,3.542353622308112
l9,0,ResNet10,8,0,1,0.19526892149927086
l9,0,ResNet10,8,0,2,-0.4545332985695049
l9,0,ResNet10,8,0,3,-1.5886743666548009
l9,0,ResNet10,8,0,4,2.75630000267176
l9,0,ResNet10,8,0,5,-2.450067856119561
l9,0,ResNet10,8,0,6,-0.753625590219281
l9,0,ResNet10,8,0,7,-1.809517791232475
l9,0,ResNet10,8,0,8,0.31570990297081286
l9,0,ResNet10,8,0,9,0.24678645334566912
l9,0,ResNet10,9,1,0,-0.12880105746655268
l9,0,ResNet10,9,1,1,-0.0357541171443006
l9,0,ResNet10,9,1,2,-0.2880771590106292
l9,0,ResNet10,9,1,3,0.10484500526801412
l9,0,ResNet10,9,1,4,0.08820443017514462
l9,0,ResNet10,9,1,5,0.8221840889749434
l9,0,ResNet10,9,1,6,-0.4466155260102403
l9,0,ResNet10,9,1,7,-0.05975300828302615
l9,0,ResNet10,9,1,8,-0.03412001247209879
l9,0,ResNet10,9,1,9,-0.022112644031253036
l9,1,ResNet12,0,1,0,0.8570062692319048
l9,1,ResNet12,0,1,1,-0.763013966970933
l9,1,ResNet12,0,1,2,-0.32067460616528837
l9,1,ResNet12,0,1,3,-0.20584856264241508
l9,1,ResNet12,0,1,4,0.9166069883753736
l9,1,ResNet12,0,1,5,-0.2488865830264481
l9,1,ResNet12,0,1,6,-0.4391023054858042
l9,1,ResNet12,0,1,7,-0.15365419404163946
l9,1,ResNet12,0,1,8,0.7441580069767222
l9,1,ResNet12,0,1,9,-0.3865910462514747
l9,1,ResNet12,1,2,0,-0.7407187336734423
l9,1,ResNet12,1,2,1,0.44449129850739266
l9,1,ResNet12,1,2,2,-0.5895435854280515
l9,1,ResNet12,1,2,3,0.4750755903046597
l9,1,ResNet12,1,2,4,-0.5326782593212713
l9,1,ResNet12,1,2,5,0.6281084770109042
l9,1,ResNet12,1,2,6,0.10823316956349557
l9,1,ResNet12,1,2,7,0.2583828608703448
l9,1,ResNet12,1,2,8,-0.701529562323133
l9,1,ResNet12,1,2,9,0.6501787444891054
l9,1,ResNet12,2,3,0,-0.07391146247287589
l9,1,ResNet12,2,3,1,-0.5077923301955286
l9,1,ResNet12,2,3,2,1.3014413677058507
l9,1,ResNet12,2,3,3,-0.10906345935378546
l9,1,ResNet12,2,3,4,-0.21775031421572152
l9,1,ResNet12,2,3,5,-0.16552929681155867
l9,1,ResNet12,2,3,6,0.9658753573193679
l9,1,ResNet12,2,3,7,-0.07939678616076301
l9,1,ResNet12,2,3,8,-0.5925746457808065
l9,1,ResNet12,2,3,9,-0.5212984300341807
l9,1,ResNet12,3,0,0,-1.1557203732933763
l9,1,ResNet12,3,0,1,-0.5218417516993278
l9,1,ResNet12,3,0,2,-1.1101864442116407
l9,1,ResNet12,3,0,3,2.8091356687307227
l9,1,ResNet12,3,0,4,-0.5891025897052924
l9,1,ResNet12,3,0,5,0.3923851530530748
l9,1,ResNet12,3,0,6,0.17812620262997989
l9,1,ResNet12,3,0,7,2.003430899741258
l9,1,ResNet12,3,0,8,-1.386959970298616
l9,1,ResNet12,3,0,9,-0.6192667949467915
l9,1,ResNet12,4,1,0,0.8570062692319048
l9,1,ResNet12,4,1,1,-0.763013966970933
l9,1,ResNet12,4,1,2,-0.32067460616528837
l9,1,ResNet12,4,1,3,-0.20584856264241508
l9,1,ResNet12,4,1,4,0.9166069883753736
l9,1,ResNet12,4,1,5,-0.2488865830264481
l9,1,ResNet12,4,1,6,-0.4391023054858042
l9,1,ResNet12,4,1,7,-0.15365419404163946
l9,1,ResNet12,4,1,8,0.7441580069767222
l9,1,ResNet12,4,1,9,-0.3865910462514747
l9,1,ResNet12,5,2,0,-0.7407187336734423
l9,1,ResNet12,5,2,1,0.44449129850739266
l9,1,ResNet12,5,2,2,-0.5895435854280515
l9,1,ResNet12,5,2,3,0.4750755903046597
l9,1,ResNet12,5,2,4,-0.5326782593212713
l9,1,ResNet12,5,2,5,0.6281084770109042
l9,1,ResNet12,5,2,6,0.10823316956349557
l9,1,ResNet12,5,2,7,0.2583828608703448
l9,1,ResNet12,5,2,8,-0.701529562323133
l9,1,ResNet12,5,2,9,0.6501787444891054
l9,1,ResNet12,6,3,0,-0.07391146247287589
l9,1,ResNet12,6,3,1,-0.5077923301955286
l9,1,ResNet12,6,3,2,1.3014413677058507
l9,1,ResNet12,6,3,3,-0.10906345935378546
l9,1,ResNet12,6,3,4,-0.21775031421572152
l9,1,ResNet12,6,3,5,-0.16552929681155867
l9,1,ResNet12,6,3,6,0.9658753573193679
l9,1,ResNet12,6,3,7,-0.07939678616076301
l9,1,ResNet12,6,3,8,-0.5925746457808065
l9,1,ResNet12,6,3,9,-0.5212984300341807
l9,1,ResNet12,7,0,0,-1.1557203732933763
l9,1,ResNet12,7,0,1,-0.5218417516993278
l9,1,ResNet12,7,0,2,-1.1101864442116407
l9,1,ResNet12,7,0,3,2.8091356687307227
l9,1,ResNet12,7,0,4,-0.5891025897052924
l9,1,ResNet12,7,0,5,0.3923851530530748
l9,1,ResNet12,7,0,6,0.17812620262997989
l9,1,ResNet12,7,0,7,2.003430899741258
l9,1,ResNet12,7,0,8,-1.386959970298616
l9,1,ResNet12,7,0,9,-0.6192667949467915
l9,1,ResNet12,8,1,0,0.8570062692319048
l9,1,ResNet12,8,1,1,-0.763013966970933
l9,1,ResNet12,8,1,2,-0.32067460616528837
l9,1,ResNet12,8,1,3,-0.20584856264241508
l9,1,ResNet12,8,1,4,0.9166069883753736
l9,1,ResNet12,8,1,5,-0.2488865830264481
l9,1,ResNet12,8,1,6,-0.4391023054858042
l9,1,ResNet12,8,1,7,-0.15365419404163946
l9,1,ResNet12,8,1,8,0.7441580069767222
l9,1,ResNet12,8,1,9,-0.3865910462514747
l9,1,ResNet12,9,2,0,-0.7407187336734423
l9,1,ResNet12,9,2,1,0.44449129850739266
l9,1,ResNet12,9,2,2,-0.5895435854280515
l9,1,ResNet12,9,2,3,0.4750755903046597
l9,1,ResNet12,9,2,4,-0.5326782593212713
l9,1,ResNet12,9,2,5,0.6281084770109042
l9,1,ResNet12,9,2,6,0.10823316956349557
l9,1,ResNet12,9,2,7,0.2583828608703448
l9,1,ResNet12,9,2,8,-0.701529562323133
l9,1,ResNet12,9,2,9,0.6501787444891054
l9,2,ShuffleNet,0,2,0,0.280251677112558
l9,2,ShuffleNet,0,2,1,-0.6639305457439515
l9,2,ShuffleNet,0,2,2,0.6182278630497078
l9,2,ShuffleNet,0,2,3,-0.696575331980897
l9,2,ShuffleNet,0,2,4,0.7063071756112489
l9,2,ShuffleNet,0,2,5,0.5404443850287274
l9,2,ShuffleNet,0,2,6,0.5764406432034996
l9,2,ShuffleNet,0,2,7,-0.9016811793655175
l9,2,ShuffleNet,0,2,8,0.31983919119466775
l9,2,ShuffleNet,0,2,9,-0.7793238781100433
l9,2,ShuffleNet,1,3,0,-0.3755624159960668
l9,2,ShuffleNet,1,3,1,0.35542973722005694
l9,2,ShuffleNet,1,3,2,-0.37168373079147754
l9,2,ShuffleNet,1,3,3,0.011182392261463902
l9,2,ShuffleNet,1,3,4,0.07084122231794186
l9,2,ShuffleNet,1,3,5,0.6426971729215949
l9,2,ShuffleNet,1,3,6,-0.24207716425324255
l9,2,ShuffleNet,1,3,7,-0.14389367189309257
l9,2,ShuffleNet,1,3,8,-0.25922139403701844
l9,2,ShuffleNet,1,3,9,0.31228785224984273
l9,2,ShuffleNet,2,0,0,-0.17842792311671932
l9,2,ShuffleNet,2,0,1,-0.9392223475610594
l9,2,ShuffleNet,2,0,2,1.8327399605570915
l9,2,ShuffleNet,2,0,3,-1.116727930596992
l9,2,ShuffleNet,2,0,4,1.8124907522290998
l9,2,ShuffleNet,2,0,5,-0.6556778704249047
l9,2,ShuffleNet,2,0,6,1.750949086538645
l9,2,ShuffleNet,2,0,7,-1.0287992020360521
l9,2,ShuffleNet,2,0,8,-0.2780860142160764
l9,2,ShuffleNet,2,0,9,-1.1992385113730397
l9,2,ShuffleNet,3,1,0,-0.45767741935507517
l9,2,ShuffleNet,3,1,1,-0.12422816733745108
l9,2,ShuffleNet,3,1,2,-0.2472684875386516
l9,2,ShuffleNet,3,1,3,0.5892892132302965
l9,2,ShuffleNet,3,1,4,0.30531059284632756
l9,2,ShuffleNet,3,1,5,0.04414652315382462
l9,2,ShuffleNet,3,1,6,-0.35781655408407886
l9,2,ShuffleNet,3,1,7,0.7822973801206171
l9,2,ShuffleNet,3,1,8,-0.46947525377301985
l9,2,ShuffleNet,3,1,9,-0.06457782726279004
l9,2,ShuffleNet,4,2,0,0.280251677112558
l9,2,ShuffleNet,4,2,1,-0.6639305457439515
l9,2,ShuffleNet,4,2,2,0.6182278630497078
l9,2,ShuffleNet,4,2,3,-0.696575331980897
l9,2,ShuffleNet,4,2,4,0.7063071756112489
l9,2,ShuffleNet,4,2,5,0.5404443850287274
l9,2,ShuffleNet,4,2,6,0.5764406432034996
l9,2,ShuffleNet,4,2,7,-0.9016811793655175
l9,2,ShuffleNet,4,2,8,0.31983919119466775
l9,2,ShuffleNet,4,2,9,-0.7793238781100433
l9,2,ShuffleNet,5,3,0,-0.3755624159960668
l9,2,ShuffleNet,5,3,1,0.35542973722005694
l9,2,ShuffleNet,5,3,2,-0.37168373079147754
l9,2,ShuffleNet,5,3,3,0.011182392261463902
l9,2,ShuffleNet,5,3,4,0.07084122231794186
l9,2,ShuffleNet,5,3,5,0.6426971729215949
l9,2,ShuffleNet,5,3,6,-0.24207716425324255
l9,2,ShuffleNet,5,3,7,-0.14389367189309257
l9,2,ShuffleNet,5,3,8,-0.25922139403701844
l9,2,ShuffleNet,5,3,9,0.31228785224984273
l9,2,ShuffleNet,6,0,0,-0.17842792311671932
l9,2,ShuffleNet,6,0,1,-0.9392223475610594
l9,2,ShuffleNet,6,0,2,1.8327399605570915
l9,2,ShuffleNet,6,0,3,-1.116727930596992
l9,2,ShuffleNet,6,0,4,1.8124907522290998
l9,2,ShuffleNet,6,0,5,-0.6556778704249047
l9,2,ShuffleNet,6,0,6,1.750949086538645
l9,2,ShuffleNet,6,0,7,-1.0287992020360521
l9,2,ShuffleNet,6,0,8,-0.2780860142160764
l9,2,ShuffleNet,6,0,9,-1.1992385113730397
l9,2,ShuffleNet,7,1,0,-0.45767741935507517
l9,2,ShuffleNet,7,1,1,-0.12422816733745108
l9,2,ShuffleNet,7,1,2,-0.2472684875386516
l9,2,ShuffleNet,7,1,3,0.5892892132302965
l9,2,ShuffleNet,7,1,4,0.30531059284632756
l9,2,ShuffleNet,7,1,5,0.04414652315382462
l9,2,ShuffleNet,7,1,6,-0.35781655408407886
l9,2,ShuffleNet,7,1,7,0.7822973801206171
l9,2,ShuffleNet,7,1,8,-0.46947525377301985
l9,2,ShuffleNet,7,1,9,-0.06457782726279004
l9,2,ShuffleNet,8,2,0,0.280251677112558
l9,2,ShuffleNet,8,2,1,-0.6639305457439515
l9,2,ShuffleNet,8,2,2,0.6182278630497078
l9,2,ShuffleNet,8,2,3,-0.696575331980897
l9,2,ShuffleNet,8,2,4,0.7063071756112489
l9,2,ShuffleNet,8,2,5,0.5404443850287274
l9,2,ShuffleNet,8,2,6,0.5764406432034996
l9,2,ShuffleNet,8,2,7,-0.9016811793655175
l9,2,ShuffleNet,8,2,8,0.31983919119466775
l9,2,ShuffleNet,8,2,9,-0.7793238781100433
l9,2,ShuffleNet,9,3,0,-0.3755624159960668
l9,2,ShuffleNet,9,3,1,0.35542973722005694
l9,2,ShuffleNet,9,3,2,-0.37168373079147754
l9,2,ShuffleNet,9,3,3,0.011182392261463902
l9,2,ShuffleNet,9,3,4,0.07084122231794186
l9,2,ShuffleNet,9,3,5,0.6426971729215949
l9,2,ShuffleNet,9,3,6,-0.24207716425324255
l9,2,ShuffleNet,9,3,7,-0.14389367189309257
l9,2,ShuffleNet,9,3,8,-0.25922139403701844
l9,2,ShuffleNet,9,3,9,0.31228785224984273
l9,3,Mobilenetv2,0,3,0,0.3351012548518506
l9,3,Mobilenetv2,0,3,1,-0.5115780209315528
l9,3,Mobilenetv2,0,3,2,0.05021516643943302
l9,3,Mobilenetv2,0,3,3,-0.15629654838565304
l9,3,Mobilenetv2,0,3,4,0.48869187108420575
l9,3,Mobilenetv2,0,3,5,-0.7438065664831002
l9,3,Mobilenetv2,0,3,6,0.1444630137788807
l9,3,Mobilenetv2,0,3,7,0.11086569054034892
l9,3,Mobilenetv2,0,3,8,0.7050921161519224
l9,3,Mobilenetv2,0,3,9,-0.42274797704633654
l9,3,Mobilenetv2,1,0,0,-1.5275644497420022
l9,3,Mobilenetv2,1,0,1,1.270807896250579
l9,3,Mobilenetv2,1,0,2,-1.326367808451382
l9,3,Mobilenetv2,1,0,3,0.535740397573982
l9,3,Mobilenetv2,1,0,4,-0.449690646014685
l9,3,Mobilenetv2,1,0,5,2.0780277957308484
l9,3,Mobilenetv2,1,0,6,-1.1470688846964443
l9,3,Mobilenetv2,1,0,7,0.657087011947872
l9,3,Mobilenetv2,1,0,8,-1.5231115939817745
l9,3,Mobilenetv2,1,0,9,1.4321402813830122
l9,3,Mobilenetv2,2,1,0,-0.1241219004172789
l9,3,Mobilenetv2,2,1,1,-0.4814597996546425
l9,3,Mobilenetv2,2,1,2,0.4994649910599923
l9,3,Mobilenetv2,2,1,3,-0.02072350348253206
l9,3,Mobilenetv2,2,1,4,0.22936318588768578
l9,3,Mobilenetv2,2,1,5,-0.2575086489735609
l9,3,Mobilenetv2,2,1,6,0.5729369445899787
l9,3,Mobilenetv2,2,1,7,0.03911574029758045
l9,3,Mobilenetv2,2,1,8,-0.005493715070995267
l9,3,Mobilenetv2,2,1,9,-0.4515732942362262
l9,3,Mobilenetv2,3,2,0,-0.4655364386901798
l9,3,Mobilenetv2,3,2,1,0.25422234179363107
l9,3,Mobilenetv2,3,2,2,-0.40808070225355686
l9,3,Mobilenetv2,3,2,3,0.27645079141722567
l9,3,Mobilenetv2,3,2,4,-0.10702445827958217
l9,3,Mobilenetv2,3,2,5,0.4927971537789212
l9,3,Mobilenetv2,3,2,6,-0.30212099127466674
l9,3,Mobilenetv2,3,2,7,0.3154077189865417
l9,3,Mobilenetv2,3,2,8,-0.39046707363182925
l9,3,Mobilenetv2,3,2,9,0.33435165815349505
l9,3,Mobilenetv2,4,3,0,0.3351012548518506
l9,3,Mobilenetv2,4,3,1,-0.5115780209315528
l9,3,Mobilenetv2,4,3,2,0.05021516643943302
l9,3,Mobilenetv2,4,3,3,-0.15629654838565304
l9,3,Mobilenetv2,4,3,4,0.48869187108420575
l9,3,Mobilenetv2,4,3,5,-0.7438065664831002
l9,3,Mobilenetv2,4,3,6,0.1444630137788807
l9,3,Mobilenetv2,4,3,7,0.11086569054034892
l9,3,Mobilenetv2,4,3,8,0.7050921161519224
l9,3,Mobilenetv2,4,3,9,-0.42274797704633654
l9,3,Mobilenetv2,5,0,0,-1.5275644497420022
l9,3,Mobilenetv2,5,0,1,1.270807896250579
l9,3,Mobilenetv2,5,0,2,-1.326367808451382
l9,3,Mobilenetv2,5,0,3,0.535740397573982
l9,3,Mobilenetv2,5,0,4,-0.449690646014685
l9,3,Mobilenetv2,5,0,5,2.0780277957308484
l9,3,Mobilenetv2,5,0,6,-1.1470688846964443
l9,3,Mobilenetv2,5,0,7,0.657087011947872
l9,3,Mobilenetv2,5,0,8,-1.5231115939817745
l9,3,Mobilenetv2,5,0,9,1.4321402813830122
l9,3,Mobilenetv2,6,1,0,-0.1241219004172789
l9,3,Mobilenetv2,6,1,1,-0.4814597996546425
l9,3,Mobilenetv2,6,1,2,0.4994649910599923
l9,3,Mobilenetv2,6,1,3,-0.02072350348253206
l9,3,Mobilenetv2,6,1,4,0.22936318588768578
l9,3,Mobilenetv2,6,1,5,-0.2575086489735609
l9,3,Mobilenetv2,6,1,6,0.5729369445899787
l9,3,Mobilenetv2,6,1,7,0.03911574029758045
l9,3,Mobilenetv2,6,1,8,-0.005493715070995267
l9,3,Mobilenetv2,6,1,9,-0.4515732942362262
l9,3,Mobilenetv2,7,2,0,-0.4655364386901798
l9,3,Mobilenetv2,7,2,1,0.25422234179363107
l9,3,Mobilenetv2,7,2,2,-0.40808070225355686
l9,3,Mobilenetv2,7,2,3,0.27645079141722567
l9,3,Mobilenetv2,7,2,4,-0.10702445827958217
l9,3,Mobilenetv2,7,2,5,0.4927971537789212
l9,3,Mobilenetv2,7,2,6,-0.30212099127466674
l9,3,Mobilenetv2,7,2,7,0.3154077189865417
l9,3,Mobilenetv2,7,2,8,-0.39046707363182925
l9,3,Mobilenetv2,7,2,9,0.33435165815349505
l9,3,Mobilenetv2,8,3,0,0.3351012548518506
l9,3,Mobilenetv2,8,3,1,-0.5115780209315528
l9,3,Mobilenetv2,8,3,2,0.05021516643943302
l9,3,Mobilenetv2,8,3,3,-0.15629654838565304
l9,3,Mobilenetv2,8,3,4,0.48869187108420575
l9,3,Mobilenetv2,8,3,5,-0.7438065664831002
l9,3,Mobilenetv2,8,3,6,0.1444630137788807
l9,3,Mobilenetv2,8,3,7,0.11086569054034892
l9,3,Mobilenetv2,8,3,8,0.7050921161519224
l9,3,Mobilenetv2,8,3,9,-0.42274797704633654
l9,3,Mobilenetv2,9,0,0,-1.5275644497420022
l9,3,Mobilenetv2,9,0,1,1.270807896250579
l9,3,Mobilenetv2,9,0,2,-1.326367808451382
l9,3,Mobilenetv2,9,0,3,0.535740397573982
l9,3,Mobilenetv2,9,0,4,-0.449690646014685
l9,3,Mobilenetv2,9,0,5,2.0780277957308484
l9,3,Mobilenetv2,9,0,6,-1.1470688846964443
l9,3,Mobilenetv2,9,0,7,0.657087011947872
l9,3,Mobilenetv2,9,0,8,-1.5231115939817745
l9,3,Mobilenetv2,9,0,9,1.4321402813830122
