arm,client,model,class,binding_family,generic_strength,harmful_positive_strength,harmful_diagonal_signed,valid_instance_support,generic_rank,harmful_rank,target_maps_new_class_from_old_class
h0,0,ResNet10,0,0,0.010046277854636167,0.11991591838297865,-0.18307416487999173,2800,1,6,5
h0,0,ResNet10,1,1,0.00042770211471923196,0.11444651683677137,-0.0018776636376263089,2800,7,7,6
h0,0,ResNet10,2,2,0.0014111626129503585,0.12455342395308198,0.040778708835476365,3200,5,5,7
h0,0,ResNet10,3,3,0.00014669254302771697,0.15568994954087864,0.08154332713838146,3200,9,4,4
h0,0,ResNet10,4,0,0.012441213377919232,0.3564888770094507,0.27706409903101437,2800,0,0,3
h0,0,ResNet10,5,1,0.0004260666763524207,0.1800356411403696,0.009451323320264987,2800,8,2,0
h0,0,ResNet10,6,2,0.005739520785624797,0.09905954767179566,-0.060761867706935965,3200,2,9,1
h0,0,ResNet10,7,3,0.0017623138844681597,0.1864218418408262,-0.007992128891076374,3200,4,1,2
h0,0,ResNet10,8,0,0.0024483237213882613,0.17802398590151167,0.10730247752723154,2800,3,3,9
h0,0,ResNet10,9,1,0.0004485797973475682,0.1037256842927155,0.012239962239710831,2800,6,8,8
h0,1,ResNet12,0,1,0.005987959733353816,0.21045678912114316,-0.007436338656424159,2800,1,3,6
h0,1,ResNet12,1,2,0.0007614216649255885,0.12374331624231605,0.01796768130085978,2800,7,7,5
h0,1,ResNet12,2,3,0.0034768560969112763,0.1931973452212659,0.06169472779611844,3200,5,4,4
h0,1,ResNet12,3,0,0.011436181403472474,0.2127862754532972,0.0974066240813314,3200,0,2,9
h0,1,ResNet12,4,1,0.003932859134828468,0.2586461733271286,0.17396745437924166,2800,4,0,2
h0,1,ResNet12,5,2,0.005298149835536441,0.07687419525758475,-0.10292240245923276,2800,2,9,1
h0,1,ResNet12,6,3,0.0007083368370946031,0.14478181244532126,0.09989267546580032,3200,8,6,0
h0,1,ResNet12,7,0,0.0015066008623518855,0.17574660478287918,0.011021858602245714,3200,6,5,8
h0,1,ResNet12,8,1,0.0051736743940663426,0.22233322924916588,6.055035364930354e-05,2800,3,1,7
h0,1,ResNet12,9,2,0.0003526360772365049,0.07698048713763721,0.03942404491864161,2800,9,8,3
h0,2,ShuffleNet,0,2,0.00464270902100946,0.08066195951868217,-0.04439909334602374,2800,3,8,4
h0,2,ShuffleNet,1,3,0.0005699520377736615,0.10488862116678563,-0.07434001145330746,2800,8,6,3
h0,2,ShuffleNet,2,0,0.00021814632552409377,0.09879887119589573,-0.0213124107287282,3200,9,7,8
h0,2,ShuffleNet,3,1,0.009409407540692067,0.15554242793481785,0.01903687154962795,3200,1,4,1
h0,2,ShuffleNet,4,2,0.0010378545632840088,0.07963325804456492,0.04760105217669877,2800,6,9,0
h0,2,ShuffleNet,5,3,0.0007236039048903765,0.15840887727985334,0.12728602258493227,2800,7,2,6
h0,2,ShuffleNet,6,0,0.008675150146736687,0.24976259631261144,0.20108626107565428,3200,2,0,5
h0,2,ShuffleNet,7,1,0.0032946745062949253,0.2023269716703218,0.07536492782305655,3200,4,1,9
h0,2,ShuffleNet,8,2,0.012800473434718159,0.15833052145420878,0.09564511847785677,2800,0,3,2
h0,2,ShuffleNet,9,3,0.0019343719928777239,0.11502932664564199,-0.006774235235595633,2800,5,5,7
h0,3,Mobilenetv2,0,3,0.008455965641574888,0.12367370643780161,-0.08903724041805852,2800,1,7,7
h0,3,Mobilenetv2,1,0,0.0005070713326056454,0.15921987146732264,-0.05259143565965881,2800,9,5,6
h0,3,Mobilenetv2,2,1,0.0011885249685579622,0.16661886441891893,0.06043732168017069,3200,7,4,8
h0,3,Mobilenetv2,3,2,0.0016894246560050842,0.09599712363583521,0.03547179399447302,3200,5,8,9
h0,3,Mobilenetv2,4,3,0.00529907048683898,0.20605208015335827,0.14463341736830845,2800,3,0,5
h0,3,Mobilenetv2,5,0,0.001433402004961713,0.1705272343036549,-0.023602329245094,2800,6,3,4
h0,3,Mobilenetv2,6,1,0.008482151337742388,0.13520800919318496,0.03909459296662663,3200,0,6,1
h0,3,Mobilenetv2,7,2,0.0005182684640615775,0.05536131941436594,-0.0017406034507471489,3200,8,9,0
h0,3,Mobilenetv2,8,3,0.008348999026759014,0.1854816201999624,0.007617571042015919,2800,2,2,2
h0,3,Mobilenetv2,9,0,0.0028215651824435996,0.19245301569144974,0.06373527483385918,2800,4,1,3
h9,0,ResNet10,0,0,0.07097795650220849,3.5426780754619362,3.542353622308112,2800,1,0,7
h9,0,ResNet10,1,1,0.0032245777995498917,0.41633390257542485,-0.0357541171443006,2800,7,7,6
h9,0,ResNet10,2,2,0.005934648980991258,0.40728190305046647,0.3336192145816851,3200,3,8,8
h9,0,ResNet10,3,3,0.00029547403567629487,0.21504771190411595,0.033927858810178034,3200,9,9,4
h9,0,ResNet10,4,0,0.09966573532058863,2.790629219300286,2.75630000267176,2800,0,1,3
h9,0,ResNet10,5,1,0.00514719990001143,0.9437498590684182,0.8221840889749434,2800,4,3,9
h9,0,ResNet10,6,2,0.011233546534395192,0.5122933151616181,0.4266071275061739,3200,2,5,1
h9,0,ResNet10,7,3,0.002455684865685532,0.6534056303892325,0.47182436319155213,3200,8,4,0
h9,0,ResNet10,8,0,0.0032460071620665377,0.945745741808491,0.31570990297081286,2800,6,2,2
h9,0,ResNet10,9,1,0.003341558386141858,0.428440303540662,-0.022112644031253036,2800,5,6,5
h9,1,ResNet12,0,1,0.004061818065107777,0.8378198625144108,0.8153828078916886,2800,4,3,8
h9,1,ResNet12,1,2,0.005415670776816756,0.5651528233714805,0.5350601749565802,2800,3,6,4
h9,1,ResNet12,2,3,0.0010605917452213,1.4018188262888627,1.3751465907045115,3200,8,1,7
h9,1,ResNet12,3,0,0.16176441061237246,2.5857294263676294,2.5857294263676276,3200,0,0,6
h9,1,ResNet12,4,1,0.002546764324045641,0.700041088612565,0.6733735147445886,2800,6,5,1
h9,1,ResNet12,5,2,0.012742513443350348,0.5531680005769972,0.5415574529264576,2800,2,7,9
h9,1,ResNet12,6,3,0.0006458080437673669,0.11426087225059628,0.07586628738999372,3200,9,9,3
h9,1,ResNet12,7,0,0.019988421132769024,1.3209024232173334,1.3200900554837107,3200,1,2,2
h9,1,ResNet12,8,1,0.0034603616687200345,0.7215876618668986,0.6909165350785568,2800,5,4,0
h9,1,ResNet12,9,2,0.002311965619027417,0.21156284909395937,0.17463023558974616,2800,7,8,5
h9,2,ShuffleNet,0,2,0.012698003613956892,0.5701008356484655,0.5483664064424951,2800,3,3,9
h9,2,ShuffleNet,1,3,0.0029199580942022036,0.4361610239036684,0.3986334096549532,2800,7,6,8
h9,2,ShuffleNet,2,0,0.030455867319085988,0.716018213536272,0.7071533757267372,3200,1,2,4
h9,2,ShuffleNet,3,1,0.007826908376163726,0.5130728968733691,0.4747641357091763,3200,4,5,7
h9,2,ShuffleNet,4,2,0.001595702317938797,0.08462448166131407,0.04352212694375937,2800,8,9,2
h9,2,ShuffleNet,5,3,0.00033813330725828333,0.1420912564977106,0.0881264419180133,2800,9,8,6
h9,2,ShuffleNet,6,0,0.054698678915920076,0.8912301453946015,0.8853148687679717,3200,0,0,5
h9,2,ShuffleNet,7,1,0.003395291153689997,0.5313315111125249,0.4997224296758814,3200,5,4,3
h9,2,ShuffleNet,8,2,0.02893512439528523,0.7606597874069394,0.7508599574709965,2800,2,1,1
h9,2,ShuffleNet,9,3,0.0033103971622235875,0.37342750850043194,0.33383393396657546,2800,6,7,0
h9,3,Mobilenetv2,0,3,0.004402025605212368,0.5862898911174605,0.5113906799536577,2800,5,4,6
h9,3,Mobilenetv2,1,0,0.017396942573889393,1.3376901563985812,1.325180391858899,2800,2,1,3
h9,3,Mobilenetv2,2,1,0.001593670837792586,0.31260109679931214,0.2768998927791008,3200,8,7,9
h9,3,Mobilenetv2,3,2,0.0017036136030340323,0.12930021292498461,0.08496623387636779,3200,7,9,1
h9,3,Mobilenetv2,4,3,0.006788366051199731,0.5404757076637297,0.5240141326756437,2800,3,5,8
h9,3,Mobilenetv2,5,0,0.11130768647849293,1.89073327180233,1.8904027485747756,2800,0,0,7
h9,3,Mobilenetv2,6,1,0.0066896441560246435,0.3305554571758802,0.2927975587403241,3200,4,6,0
h9,3,Mobilenetv2,7,2,0.001390797002418168,0.13641600606135657,0.11504415249648253,3200,9,8,5
h9,3,Mobilenetv2,8,3,0.003087509419963327,0.6340886414516709,0.5857149019258079,2800,6,3,4
h9,3,Mobilenetv2,9,0,0.020015462292242398,1.324159097091349,1.3215751968215548,2800,1,2,2
l0,0,ResNet10,0,0,0.010428162868484062,0.06621791605958322,-0.40475609024788195,2800,0,8,5
l0,0,ResNet10,1,1,0.00918629916405018,0.3450109548811474,-0.11357654993878999,2800,2,2,3
l0,0,ResNet10,2,2,0.0013319626860705668,0.045639825738403916,-0.18280626015523352,3200,6,9,8
l0,0,ResNet10,3,3,0.0010682142032574847,0.15278176502633148,-0.011296799605209852,3200,7,5,1
l0,0,ResNet10,4,0,0.0044195710971613724,0.21188190478106914,-0.13247580976345721,2800,4,4,6
l0,0,ResNet10,5,1,0.0007478802478935148,0.3147735887572215,0.10601400496536811,2800,9,3,0
l0,0,ResNet10,6,2,0.00309896054888498,0.07534056812219339,-0.29313507753365736,3200,5,7,4
l0,0,ResNet10,7,3,0.0010648364415696897,0.11745430682504203,-0.23354298726678263,3200,8,6,9
l0,0,ResNet10,8,0,0.009168697012268317,0.8169766317698693,0.7279748653066622,2800,3,0,2
l0,0,ResNet10,9,1,0.010044679040941478,0.3507617034126538,-0.1063026514239542,2800,1,1,7
l0,1,ResNet12,0,1,0.0021649763809954013,0.23457050379782288,0.013154445403212962,2800,6,3,8
l0,1,ResNet12,1,2,0.0012970142462423093,0.16069697471426017,0.033789342903163294,2800,9,5,9
l0,1,ResNet12,2,3,0.0017370357138195534,0.1260299618720536,-0.12266783897187793,3200,7,8,5
l0,1,ResNet12,3,0,0.0067122198396539585,0.14512644690735352,-0.06581522279790358,3200,1,7,7
l0,1,ResNet12,4,1,0.0036195304429801458,0.32040615654554067,0.2384521175721935,2800,4,2,6
l0,1,ResNet12,5,2,0.005363660427081623,0.08033257137516457,-0.1439827369862348,2800,2,9,2
l0,1,ResNet12,6,3,0.002665671305857471,0.5578673526002592,0.41910969260576236,3200,5,1,4
l0,1,ResNet12,7,0,0.0016832660714033874,0.15031037339097306,-0.05109892458833583,3200,8,6,3
l0,1,ResNet12,8,1,0.003745146785280604,0.22414214021143625,-0.0042197484595628875,2800,3,4,0
l0,1,ResNet12,9,2,0.007461083898298363,0.6163101585320949,0.5456684640811532,2800,0,0,1
l0,2,ShuffleNet,0,2,0.005577195715210735,0.1194250157305177,-0.02402084038414896,2800,3,7,2
l0,2,ShuffleNet,1,3,0.00031144650840709615,0.11286529422418848,-0.11931921339005752,2800,8,8,8
l0,2,ShuffleNet,2,0,0.0013077658061363654,0.2506386527033808,0.05508222686511362,3200,6,4,0
l0,2,ShuffleNet,3,1,0.0036305395399031603,0.18391636199814088,0.00015383883187308398,3200,4,5,5
l0,2,ShuffleNet,4,2,0.016453730972986004,0.554051761677665,0.4845894219415946,2800,0,0,9
l0,2,ShuffleNet,5,3,0.0017221941200940053,0.43831380906078543,0.21814617368887065,2800,5,2,3
l0,2,ShuffleNet,6,0,0.009079805159110261,0.465409351690397,0.38263824496805277,3200,2,1,7
l0,2,ShuffleNet,7,1,0.0008669481991548387,0.25925178115393854,0.0784902274516476,3200,7,3,6
l0,2,ShuffleNet,8,2,0.009222738154556084,0.1347085185253017,-0.04085742874683391,2800,1,6,1
l0,2,ShuffleNet,9,3,0.00019445425825156878,0.10606482647514079,-0.13166212075144093,2800,9,9,4
l0,3,Mobilenetv2,0,3,0.010509509440883615,0.14823960852479062,-0.10263142204100935,2800,0,8,1
l0,3,Mobilenetv2,1,0,0.0003130741869984179,0.13543258605161937,-0.12606083890916361,2800,9,9,0
l0,3,Mobilenetv2,2,1,0.0004058161171683572,0.14930594853553086,0.014746938539267857,3200,8,6,4
l0,3,Mobilenetv2,3,2,0.003790418062965642,0.18282228657285132,0.11647792505972741,3200,5,2,8
l0,3,Mobilenetv2,4,3,0.009103462022278023,0.3158694335140722,0.24669195553071988,2800,1,1,2
l0,3,Mobilenetv2,5,0,0.0012046618182277602,0.14963596625468106,-0.03223498690197113,2800,6,5,7
l0,3,Mobilenetv2,6,1,0.0071530555722790915,0.14877600211625694,-0.016652701348821502,3200,2,7,9
l0,3,Mobilenetv2,7,2,0.006440527123568574,0.3667926705891359,0.3028452696481806,3200,3,0,5
l0,3,Mobilenetv2,8,3,0.004321248709705493,0.1728020279824373,-0.09957019166501593,2800,4,3,3
l0,3,Mobilenetv2,9,0,0.0007333231193357821,0.15956977340072528,-0.042108513859396415,2800,7,4,6
l9,0,ResNet10,0,0,0.07097795650220849,3.5426780754619362,3.542353622308112,2800,1,0,7
l9,0,ResNet10,1,1,0.0032245777995498917,0.41633390257542485,-0.0357541171443006,2800,7,7,6
l9,0,ResNet10,2,2,0.005934648980991258,0.40728190305046647,0.3336192145816851,3200,3,8,8
l9,0,ResNet10,3,3,0.00029547403567629487,0.21504771190411595,0.033927858810178034,3200,9,9,4
l9,0,ResNet10,4,0,0.09966573532058863,2.790629219300286,2.75630000267176,2800,0,1,3
l9,0,ResNet10,5,1,0.00514719990001143,0.9437498590684182,0.8221840889749434,2800,4,3,9
l9,0,ResNet10,6,2,0.011233546534395192,0.5122933151616181,0.4266071275061739,3200,2,5,1
l9,0,ResNet10,7,3,0.002455684865685532,0.6534056303892325,0.47182436319155213,3200,8,4,0
l9,0,ResNet10,8,0,0.0032460071620665377,0.945745741808491,0.31570990297081286,2800,6,2,2
l9,0,ResNet10,9,1,0.003341558386141858,0.428440303540662,-0.022112644031253036,2800,5,6,5
l9,1,ResNet12,0,1,0.002809804695381913,0.8909292932765038,0.8570062692319048,2800,6,5,9
l9,1,ResNet12,1,2,0.004172724217069285,0.49360291288441593,0.44449129850739266,2800,4,9,4
l9,1,ResNet12,2,3,0.001264588147174714,1.360977498045741,1.3014413677058507,3200,9,2,3
l9,1,ResNet12,3,0,0.16639479743718252,2.8092159871321916,2.8091356687307227,3200,0,0,2
l9,1,ResNet12,4,1,0.0031444241653101296,0.9348441774313614,0.9166069883753736,2800,5,4,1
l9,1,ResNet12,5,2,0.009871177904321134,0.6453051556268253,0.6281084770109042,2800,2,8,6
l9,1,ResNet12,6,3,0.0016113112410723073,1.0387813205992056,0.9658753573193679,3200,7,3,5
l9,1,ResNet12,7,0,0.024672772865903896,2.0042302828945275,2.003430899741258,3200,1,1,8
l9,1,ResNet12,8,1,0.0013282101171231933,0.7944312986602631,0.7441580069767222,2800,8,7,7
l9,1,ResNet12,9,2,0.005976941101295127,0.812459806947765,0.6501787444891054,2800,3,6,0
l9,2,ShuffleNet,0,2,0.005453620477151372,0.36421166139338995,0.280251677112558,2800,4,9,3
l9,2,ShuffleNet,1,3,0.0014138184631726895,0.4559392748651442,0.35542973722005694,2800,9,6,6
l9,2,ShuffleNet,2,0,0.047054540710018314,1.8574510853250172,1.8327399605570915,3200,1,0,9
l9,2,ShuffleNet,3,1,0.004445064420494176,0.659583078023347,0.5892892132302965,3200,5,5,0
l9,2,ShuffleNet,4,2,0.021464500632771822,0.9146021016889017,0.7063071756112489,2800,2,2,5
l9,2,ShuffleNet,5,3,0.0028645910524052447,0.8263161170665805,0.6426971729215949,2800,7,4,4
l9,2,ShuffleNet,6,0,0.057088470697930674,1.7576372666279485,1.750949086538645,3200,0,1,1
l9,2,ShuffleNet,7,1,0.003437517652569576,0.8448143319842365,0.7822973801206171,3200,6,3,8
l9,2,ShuffleNet,8,2,0.009537860444166647,0.40865286311605187,0.31983919119466775,2800,3,8,7
l9,2,ShuffleNet,9,3,0.002559630365160723,0.43604552404410235,0.31228785224984273,2800,8,7,2
l9,3,Mobilenetv2,0,3,0.001860326180991128,0.453066928054397,0.3351012548518506,2800,9,7,5
l9,3,Mobilenetv2,1,0,0.01230908342012689,1.2995190143139792,1.270807896250579,2800,2,2,8
l9,3,Mobilenetv2,2,1,0.0028399355689385517,0.5297379418853538,0.4994649910599923,3200,8,5,9
l9,3,Mobilenetv2,3,2,0.007006717765078413,0.3223933194550145,0.27645079141722567,3200,4,9,7
l9,3,Mobilenetv2,4,3,0.004140836855854764,0.5194244012122827,0.48869187108420575,2800,6,6,6
l9,3,Mobilenetv2,5,0,0.11239630952521305,2.0790256994373095,2.0780277957308484,2800,0,0,0
l9,3,Mobilenetv2,6,1,0.008340622932530193,0.6031470297509509,0.5729369445899787,3200,3,4,4
l9,3,Mobilenetv2,7,2,0.005366862312668882,0.36300926495440244,0.3154077189865417,3200,5,8,3
l9,3,Mobilenetv2,8,3,0.0028923707544342625,0.7634097531508559,0.7050921161519224,2800,7,3,1
l9,3,Mobilenetv2,9,0,0.021253916145927067,1.4399508842317361,1.4321402813830122,2800,1,1,2
