client,model,operator,family,split,bound_classes,fit_support,pew_family_accuracy,pew_unknown_rate,base_grid_acc,plugin_grid_acc,grid_acc_delta,base_dsa,plugin_dsa,dsa_reduction
0,ResNet10,gaussian_noise,noise,seen,4,2516,72.49602543720191,26.788553259141494,10.9,20.599999999999998,9.699999999999998,0.6210244146201552,0.041496371602018675,0.5795280430181365
0,ResNet10,shot_noise,noise,seen,,70,90.0,10.0,10.5,18.7,8.2,nan,nan,nan
0,ResNet10,impulse_noise,noise,unseen,,0,nan,nan,15.0,13.700000000000001,-1.299999999999999,nan,nan,nan
0,ResNet10,defocus_blur,blur,seen,3,75,82.66666666666667,1.3333333333333335,23.599999999999998,24.7,1.1000000000000014,0.0003374742062979272,0.004558036187663674,-0.004220561981365747
0,ResNet10,glass_blur,blur,seen,5,1021,70.61704211557297,3.525954946131244,23.400000000000002,24.3,0.8999999999999986,0.08924089848429761,0.029227153343991157,0.060013745140306454
0,ResNet10,motion_blur,blur,seen,0,326,80.67484662576688,3.067484662576687,22.7,24.4,1.6999999999999993,0.0346393456712198,0.030080775110982356,0.004558570560237441
0,ResNet10,zoom_blur,blur,unseen,,0,nan,nan,23.3,24.3,1.0,nan,nan,nan
0,ResNet10,snow,weather,seen,6,2413,82.63572316618317,9.407376709490261,13.4,15.8,2.4000000000000004,0.4992273581249774,0.17511967628684247,0.324107681838135
0,ResNet10,frost,weather,seen,1,68,76.47058823529412,2.941176470588235,23.799999999999997,25.6,1.8000000000000043,0.0007205063160205419,8.982208333142647e-05,0.0006306842326891154
0,ResNet10,fog,weather,unseen,,0,nan,nan,22.900000000000002,25.900000000000002,3.0,nan,nan,nan
0,ResNet10,brightness,digital,seen,2,290,23.79310344827586,0.0,17.9,13.3,-4.599999999999998,0.05013480954343409,0.12481627617873961,-0.07468146663530552
0,ResNet10,contrast,digital,seen,9,72,37.5,4.166666666666666,22.2,20.9,-1.3000000000000007,0.002822603967990925,0.0006736513390944945,0.0021489526288964306
0,ResNet10,elastic_transform,digital,seen,8,77,1.2987012987012987,2.5974025974025974,22.1,24.6,2.5,-0.000235130248156421,-0.00013975619512729325,-9.537405302912776e-05
0,ResNet10,pixelate,digital,unseen,,0,nan,nan,22.8,24.8,2.0,nan,nan,nan
0,ResNet10,jpeg_compression,digital,seen,7,1570,0.5095541401273885,0.25477707006369427,19.8,25.0,5.199999999999999,0.23387263415421966,0.012746381493107906,0.22112625266111174
1,ResNet12,gaussian_noise,noise,seen,4,353,71.10481586402267,27.47875354107649,22.7,30.4,7.699999999999999,0.05662390880120848,0.020401470049927456,0.036222438751281026
1,ResNet12,shot_noise,noise,seen,,77,85.71428571428571,14.285714285714285,22.6,30.5,7.899999999999999,nan,nan,nan
1,ResNet12,impulse_noise,noise,unseen,,0,nan,nan,23.200000000000003,30.2,6.9999999999999964,nan,nan,nan
1,ResNet12,defocus_blur,blur,seen,0,1272,74.05660377358491,2.8301886792452833,23.9,29.099999999999998,5.199999999999999,0.03126215812825923,0.012806072129631446,0.01845608599862778
1,ResNet12,glass_blur,blur,seen,2,2393,73.54784788967822,3.0087755954868367,24.099999999999998,29.4,5.300000000000001,0.028393774994811605,-0.003829100405693882,0.03222287540050549
1,ResNet12,motion_blur,blur,seen,6,77,89.6103896103896,1.2987012987012987,22.7,28.199999999999996,5.4999999999999964,-0.0017068593083067324,-0.00013977753277036493,-0.0015670817755363674
1,ResNet12,zoom_blur,blur,unseen,,0,nan,nan,23.400000000000002,29.7,6.299999999999997,nan,nan,nan
1,ResNet12,snow,weather,seen,9,82,85.36585365853658,8.536585365853659,22.2,30.8,8.600000000000001,0.0014528768319042496,-0.0009239779517843595,0.002376854783688609
1,ResNet12,frost,weather,seen,3,2234,64.14503133393016,8.146821844225604,20.9,29.099999999999998,8.2,0.10145847185645142,0.015166573305447984,0.08629189855100343
1,ResNet12,fog,weather,unseen,,0,nan,nan,20.1,27.900000000000002,7.800000000000001,nan,nan,nan
1,ResNet12,brightness,digital,seen,8,895,34.30167597765363,0.22346368715083798,21.7,23.400000000000002,1.7000000000000028,0.11480614381122574,0.05221445403157896,0.06259168977964677
1,ResNet12,contrast,digital,seen,5,324,39.81481481481482,4.320987654320987,20.7,22.2,1.5,0.02124359455361541,0.12314555109085862,-0.10190195653724321
1,ResNet12,elastic_transform,digital,seen,7,459,1.7429193899782136,0.8714596949891068,23.400000000000002,29.599999999999998,6.199999999999996,0.0018075308895929504,0.008705910029155868,-0.006898379139562917
1,ResNet12,pixelate,digital,unseen,,0,nan,nan,23.1,28.9,5.799999999999997,nan,nan,nan
1,ResNet12,jpeg_compression,digital,seen,1,334,0.8982035928143712,0.0,23.400000000000002,29.9,6.4999999999999964,0.0048846603747427705,0.019511433840500164,-0.014626773465757394
2,ShuffleNet,gaussian_noise,noise,seen,3,789,84.28390367553865,14.82889733840304,10.9,16.7,5.799999999999999,0.6643370000697074,0.1170018142007295,0.5473351858689779
2,ShuffleNet,shot_noise,noise,seen,6,194,91.23711340206185,8.762886597938143,10.0,16.1,6.100000000000001,-0.0501481479153392,0.04586990400914579,-0.09601805192448498
2,ShuffleNet,impulse_noise,noise,unseen,,0,nan,nan,18.4,14.399999999999999,-4.0,nan,nan,nan
2,ShuffleNet,defocus_blur,blur,seen,5,83,71.08433734939759,3.614457831325301,25.7,16.400000000000002,-9.299999999999997,0.006117347672982476,-0.0015066715283543121,0.007624019201336788
2,ShuffleNet,glass_blur,blur,seen,,81,67.90123456790124,1.2345679012345678,26.3,16.400000000000002,-9.899999999999999,nan,nan,nan
2,ShuffleNet,motion_blur,blur,seen,1,1485,82.76094276094275,0.9427609427609427,23.400000000000002,16.8,-6.600000000000001,0.16450271193494292,-0.005115147495937038,0.16961785943087995
2,ShuffleNet,zoom_blur,blur,unseen,,0,nan,nan,26.3,16.8,-9.5,nan,nan,nan
2,ShuffleNet,snow,weather,seen,0,795,85.28301886792453,6.037735849056604,12.1,12.2,0.09999999999999964,0.3733947354366607,0.2685514902770344,0.10484324515962629
2,ShuffleNet,frost,weather,seen,7,1185,68.86075949367088,3.0379746835443036,21.3,14.899999999999999,-6.400000000000002,0.25259304167229213,0.11465642691081267,0.13793661476147945
2,ShuffleNet,fog,weather,unseen,,0,nan,nan,20.7,13.700000000000001,-6.999999999999998,nan,nan,nan
2,ShuffleNet,brightness,digital,seen,8,2073,35.648818137964305,0.3859141341051616,18.5,15.5,-3.0,0.2401483729235264,0.03398551243861134,0.20616286048491506
2,ShuffleNet,contrast,digital,seen,4,68,47.05882352941176,10.294117647058822,23.599999999999998,16.1,-7.4999999999999964,0.010374156350877644,-0.0024007245201972272,0.01277488087107487
2,ShuffleNet,elastic_transform,digital,seen,9,1635,0.42813455657492355,0.672782874617737,26.700000000000003,16.8,-9.900000000000002,0.0795246680252363,-0.00013366616069144537,0.07965833418592776
2,ShuffleNet,pixelate,digital,unseen,,0,nan,nan,24.8,16.6,-8.2,nan,nan,nan
2,ShuffleNet,jpeg_compression,digital,seen,2,111,3.6036036036036037,0.9009009009009009,25.2,16.900000000000002,-8.299999999999997,0.001921398484819157,0.014238545499217237,-0.01231714701439808
3,Mobilenetv2,gaussian_noise,noise,seen,9,1655,97.76435045317221,1.6918429003021147,20.9,22.7,1.8000000000000007,0.2633282818505171,0.029716332085644972,0.23361194976487212
3,Mobilenetv2,shot_noise,noise,seen,7,72,95.83333333333334,4.166666666666666,16.400000000000002,21.7,5.299999999999997,0.0011820833842567584,0.021705859114327247,-0.020523775730070488
3,Mobilenetv2,impulse_noise,noise,unseen,,0,nan,nan,13.900000000000002,17.2,3.299999999999997,nan,nan,nan
3,Mobilenetv2,defocus_blur,blur,seen,5,2152,86.2453531598513,1.6263940520446096,25.7,21.099999999999998,-4.600000000000001,0.13068798877364893,0.009081047538497913,0.12160694123515102
3,Mobilenetv2,glass_blur,blur,seen,6,706,66.28895184135978,1.13314447592068,25.8,21.8,-4.0,0.011415625811223726,0.026325077582150698,-0.014909451770926972
3,Mobilenetv2,motion_blur,blur,seen,2,457,89.93435448577681,1.5317286652078774,23.1,18.9,-4.200000000000003,0.013659846961589728,0.03520640455585505,-0.021546557594265325
3,Mobilenetv2,zoom_blur,blur,unseen,,0,nan,nan,26.700000000000003,22.8,-3.900000000000002,nan,nan,nan
3,Mobilenetv2,snow,weather,seen,1,1605,72.89719626168224,1.61993769470405,13.200000000000001,15.7,2.4999999999999982,0.5408059187308887,0.20692412189342868,0.33388179683746
3,Mobilenetv2,frost,weather,seen,0,1033,76.28267182962246,5.324298160696999,23.0,25.3,2.3000000000000007,0.15843935539661388,0.023173766663974325,0.13526558873263955
3,Mobilenetv2,fog,weather,unseen,,0,nan,nan,24.0,23.799999999999997,-0.20000000000000284,nan,nan,nan
3,Mobilenetv2,brightness,digital,seen,4,387,24.8062015503876,0.7751937984496124,25.900000000000002,19.7,-6.200000000000003,0.03007519048799406,0.037955924188884514,-0.007880733700890454
3,Mobilenetv2,contrast,digital,seen,,79,37.9746835443038,7.59493670886076,21.2,17.5,-3.6999999999999993,nan,nan,nan
3,Mobilenetv2,elastic_transform,digital,seen,3,165,4.242424242424243,1.8181818181818181,27.0,22.400000000000002,-4.599999999999998,0.0011891719874966794,0.011586023773697746,-0.010396851786201066
3,Mobilenetv2,pixelate,digital,unseen,,0,nan,nan,25.1,23.0,-2.1000000000000014,nan,nan,nan
3,Mobilenetv2,jpeg_compression,digital,seen,8,186,2.1505376344086025,0.5376344086021506,28.000000000000004,23.799999999999997,-4.200000000000006,0.00020904199840197918,-0.0024618710451278962,0.0026709130435298755
