system,client,architecture,half,arm,routing_mode,routing_eigenvalue
h9,0,ResNet10,u1,frozen,1,18.60208824118689
h9,0,ResNet10,u1,frozen,2,5.323215022015838
h9,0,ResNet10,u1,frozen,3,1.4608173214580722
h9,0,ResNet10,u1,frozen,4,0.6405161550452018
h9,0,ResNet10,u1,frozen,5,0.2918821512967678
h9,0,ResNet10,u1,frozen,6,0.06448753792231676
h9,0,ResNet10,u1,frozen,7,0.03811420673126438
h9,0,ResNet10,u1,frozen,8,0.0005398576282034753
h9,0,ResNet10,u1,frozen,9,0.00038809652874108037
h9,0,ResNet10,u1,frozen,10,3.490525596505143e-31
h9,0,ResNet10,u1,crsf,1,17.01015285109792
h9,0,ResNet10,u1,crsf,2,6.0014526750642405
h9,0,ResNet10,u1,crsf,3,1.5252090855309164
h9,0,ResNet10,u1,crsf,4,0.6872279668819752
h9,0,ResNet10,u1,crsf,5,0.3113966411099071
h9,0,ResNet10,u1,crsf,6,0.07632268415358766
h9,0,ResNet10,u1,crsf,7,0.043589441694709324
h9,0,ResNet10,u1,crsf,8,0.0006100002364285516
h9,0,ResNet10,u1,crsf,9,0.000418672941180843
h9,0,ResNet10,u1,crsf,10,2.443884440559253e-31
h9,0,ResNet10,u1,rawspec,1,20.672924219950573
h9,0,ResNet10,u1,rawspec,2,4.945492828134591
h9,0,ResNet10,u1,rawspec,3,1.5305054341502116
h9,0,ResNet10,u1,rawspec,4,0.6869758465040783
h9,0,ResNet10,u1,rawspec,5,0.3275696953680111
h9,0,ResNet10,u1,rawspec,6,0.07089021196726311
h9,0,ResNet10,u1,rawspec,7,0.040850726268663956
h9,0,ResNet10,u1,rawspec,8,0.0006203483102133471
h9,0,ResNet10,u1,rawspec,9,0.00040236426912140306
h9,0,ResNet10,u1,rawspec,10,3.382204358263404e-31
h9,0,ResNet10,u2,frozen,1,17.709639046366327
h9,0,ResNet10,u2,frozen,2,5.2916285862863575
h9,0,ResNet10,u2,frozen,3,1.4125042173856743
h9,0,ResNet10,u2,frozen,4,0.6472989762675377
h9,0,ResNet10,u2,frozen,5,0.2970398210692205
h9,0,ResNet10,u2,frozen,6,0.05720301262109544
h9,0,ResNet10,u2,frozen,7,0.0369419237582908
h9,0,ResNet10,u2,frozen,8,0.000572926501416468
h9,0,ResNet10,u2,frozen,9,0.0003904610464106319
h9,0,ResNet10,u2,frozen,10,3.3740283151539597e-31
h9,0,ResNet10,u2,crsf,1,16.195459253985113
h9,0,ResNet10,u2,crsf,2,6.094497479413568
h9,0,ResNet10,u2,crsf,3,1.4422728954981856
h9,0,ResNet10,u2,crsf,4,0.6947344502623226
h9,0,ResNet10,u2,crsf,5,0.3146382573424764
h9,0,ResNet10,u2,crsf,6,0.06766368651438666
h9,0,ResNet10,u2,crsf,7,0.04180741563812525
h9,0,ResNet10,u2,crsf,8,0.0006414344918614842
h9,0,ResNet10,u2,crsf,9,0.0004135487582516299
h9,0,ResNet10,u2,crsf,10,1.599778030509913e-31
h9,0,ResNet10,u2,rawspec,1,19.56982201609198
h9,0,ResNet10,u2,rawspec,2,5.004776238719864
h9,0,ResNet10,u2,rawspec,3,1.4655522090982651
h9,0,ResNet10,u2,rawspec,4,0.6958824078444421
h9,0,ResNet10,u2,rawspec,5,0.3337996238147653
h9,0,ResNet10,u2,rawspec,6,0.06302376528645927
h9,0,ResNet10,u2,rawspec,7,0.03956517532552506
h9,0,ResNet10,u2,rawspec,8,0.0006586495847859127
h9,0,ResNet10,u2,rawspec,9,0.00040320268046696784
h9,0,ResNet10,u2,rawspec,10,3.111747359240651e-31
h9,3,Mobilenetv2,u1,frozen,1,15.375396265830007
h9,3,Mobilenetv2,u1,frozen,2,1.497311534711005
h9,3,Mobilenetv2,u1,frozen,3,0.9055389709943198
h9,3,Mobilenetv2,u1,frozen,4,0.20084561844463517
h9,3,Mobilenetv2,u1,frozen,5,0.1047581326811085
h9,3,Mobilenetv2,u1,frozen,6,0.061425561530926924
h9,3,Mobilenetv2,u1,frozen,7,0.050477150293796326
h9,3,Mobilenetv2,u1,frozen,8,0.012811316163119152
h9,3,Mobilenetv2,u1,frozen,9,0.0034673177884432483
h9,3,Mobilenetv2,u1,frozen,10,1.2031245773271216e-31
h9,3,Mobilenetv2,u1,crsf,1,15.097920030939138
h9,3,Mobilenetv2,u1,crsf,2,1.5965360823002468
h9,3,Mobilenetv2,u1,crsf,3,0.90339888890976
h9,3,Mobilenetv2,u1,crsf,4,0.2058386600762501
h9,3,Mobilenetv2,u1,crsf,5,0.1062286509366756
h9,3,Mobilenetv2,u1,crsf,6,0.06372097002736948
h9,3,Mobilenetv2,u1,crsf,7,0.051365504758928315
h9,3,Mobilenetv2,u1,crsf,8,0.01289359490391827
h9,3,Mobilenetv2,u1,crsf,9,0.003610573009688237
h9,3,Mobilenetv2,u1,crsf,10,1.1039636675039586e-31
h9,3,Mobilenetv2,u1,rawspec,1,15.343717583327543
h9,3,Mobilenetv2,u1,rawspec,2,1.4550990361244454
h9,3,Mobilenetv2,u1,rawspec,3,0.9272794720537239
h9,3,Mobilenetv2,u1,rawspec,4,0.20899811475709573
h9,3,Mobilenetv2,u1,rawspec,5,0.10640026675454455
h9,3,Mobilenetv2,u1,rawspec,6,0.061755043570277536
h9,3,Mobilenetv2,u1,rawspec,7,0.05121435545872031
h9,3,Mobilenetv2,u1,rawspec,8,0.012891833102879243
h9,3,Mobilenetv2,u1,rawspec,9,0.0034671943472812587
h9,3,Mobilenetv2,u1,rawspec,10,1.9819923172393093e-31
h9,3,Mobilenetv2,u2,frozen,1,15.353021170700657
h9,3,Mobilenetv2,u2,frozen,2,1.4440194682705214
h9,3,Mobilenetv2,u2,frozen,3,0.990581890387084
h9,3,Mobilenetv2,u2,frozen,4,0.20496151131431864
h9,3,Mobilenetv2,u2,frozen,5,0.09927056551018774
h9,3,Mobilenetv2,u2,frozen,6,0.06611220394085215
h9,3,Mobilenetv2,u2,frozen,7,0.044744388147094534
h9,3,Mobilenetv2,u2,frozen,8,0.012240685519978582
h9,3,Mobilenetv2,u2,frozen,9,0.00323612626255974
h9,3,Mobilenetv2,u2,frozen,10,1.6065315378785473e-31
h9,3,Mobilenetv2,u2,crsf,1,15.074440461594426
h9,3,Mobilenetv2,u2,crsf,2,1.5393607834329461
h9,3,Mobilenetv2,u2,crsf,3,0.9900690874784868
h9,3,Mobilenetv2,u2,crsf,4,0.20971346218342007
h9,3,Mobilenetv2,u2,crsf,5,0.10178751110255622
h9,3,Mobilenetv2,u2,crsf,6,0.06826181401194516
h9,3,Mobilenetv2,u2,crsf,7,0.045453031525689004
h9,3,Mobilenetv2,u2,crsf,8,0.012323245285585267
h9,3,Mobilenetv2,u2,crsf,9,0.003379988167939059
h9,3,Mobilenetv2,u2,crsf,10,2.2888074464043865e-31
h9,3,Mobilenetv2,u2,rawspec,1,15.340462546811501
h9,3,Mobilenetv2,u2,rawspec,2,1.398248069599976
h9,3,Mobilenetv2,u2,rawspec,3,1.0121190480363211
h9,3,Mobilenetv2,u2,rawspec,4,0.2125870198413754
h9,3,Mobilenetv2,u2,rawspec,5,0.10068456048745818
h9,3,Mobilenetv2,u2,rawspec,6,0.06661638047044963
h9,3,Mobilenetv2,u2,rawspec,7,0.04576256301593749
h9,3,Mobilenetv2,u2,rawspec,8,0.01241151569973064
h9,3,Mobilenetv2,u2,rawspec,9,0.0032255598494726713
h9,3,Mobilenetv2,u2,rawspec,10,2.6377142999400644e-31
l9,0,ResNet10,u1,frozen,1,18.60208824118689
l9,0,ResNet10,u1,frozen,2,5.323215022015838
l9,0,ResNet10,u1,frozen,3,1.4608173214580722
l9,0,ResNet10,u1,frozen,4,0.6405161550452018
l9,0,ResNet10,u1,frozen,5,0.2918821512967678
l9,0,ResNet10,u1,frozen,6,0.06448753792231676
l9,0,ResNet10,u1,frozen,7,0.03811420673126438
l9,0,ResNet10,u1,frozen,8,0.0005398576282034753
l9,0,ResNet10,u1,frozen,9,0.00038809652874108037
l9,0,ResNet10,u1,frozen,10,3.490525596505143e-31
l9,0,ResNet10,u1,crsf,1,17.01015285109792
l9,0,ResNet10,u1,crsf,2,6.0014526750642405
l9,0,ResNet10,u1,crsf,3,1.5252090855309164
l9,0,ResNet10,u1,crsf,4,0.6872279668819752
l9,0,ResNet10,u1,crsf,5,0.3113966411099071
l9,0,ResNet10,u1,crsf,6,0.07632268415358766
l9,0,ResNet10,u1,crsf,7,0.043589441694709324
l9,0,ResNet10,u1,crsf,8,0.0006100002364285516
l9,0,ResNet10,u1,crsf,9,0.000418672941180843
l9,0,ResNet10,u1,crsf,10,2.443884440559253e-31
l9,0,ResNet10,u1,rawspec,1,20.672924219950573
l9,0,ResNet10,u1,rawspec,2,4.945492828134591
l9,0,ResNet10,u1,rawspec,3,1.5305054341502116
l9,0,ResNet10,u1,rawspec,4,0.6869758465040783
l9,0,ResNet10,u1,rawspec,5,0.3275696953680111
l9,0,ResNet10,u1,rawspec,6,0.07089021196726311
l9,0,ResNet10,u1,rawspec,7,0.040850726268663956
l9,0,ResNet10,u1,rawspec,8,0.0006203483102133471
l9,0,ResNet10,u1,rawspec,9,0.00040236426912140306
l9,0,ResNet10,u1,rawspec,10,3.382204358263404e-31
l9,0,ResNet10,u2,frozen,1,17.709639046366327
l9,0,ResNet10,u2,frozen,2,5.2916285862863575
l9,0,ResNet10,u2,frozen,3,1.4125042173856743
l9,0,ResNet10,u2,frozen,4,0.6472989762675377
l9,0,ResNet10,u2,frozen,5,0.2970398210692205
l9,0,ResNet10,u2,frozen,6,0.05720301262109544
l9,0,ResNet10,u2,frozen,7,0.0369419237582908
l9,0,ResNet10,u2,frozen,8,0.000572926501416468
l9,0,ResNet10,u2,frozen,9,0.0003904610464106319
l9,0,ResNet10,u2,frozen,10,3.3740283151539597e-31
l9,0,ResNet10,u2,crsf,1,16.195459253985113
l9,0,ResNet10,u2,crsf,2,6.094497479413568
l9,0,ResNet10,u2,crsf,3,1.4422728954981856
l9,0,ResNet10,u2,crsf,4,0.6947344502623226
l9,0,ResNet10,u2,crsf,5,0.3146382573424764
l9,0,ResNet10,u2,crsf,6,0.06766368651438666
l9,0,ResNet10,u2,crsf,7,0.04180741563812525
l9,0,ResNet10,u2,crsf,8,0.0006414344918614842
l9,0,ResNet10,u2,crsf,9,0.0004135487582516299
l9,0,ResNet10,u2,crsf,10,1.599778030509913e-31
l9,0,ResNet10,u2,rawspec,1,19.56982201609198
l9,0,ResNet10,u2,rawspec,2,5.004776238719864
l9,0,ResNet10,u2,rawspec,3,1.4655522090982651
l9,0,ResNet10,u2,rawspec,4,0.6958824078444421
l9,0,ResNet10,u2,rawspec,5,0.3337996238147653
l9,0,ResNet10,u2,rawspec,6,0.06302376528645927
l9,0,ResNet10,u2,rawspec,7,0.03956517532552506
l9,0,ResNet10,u2,rawspec,8,0.0006586495847859127
l9,0,ResNet10,u2,rawspec,9,0.00040320268046696784
l9,0,ResNet10,u2,rawspec,10,3.111747359240651e-31
l9,3,Mobilenetv2,u1,frozen,1,8.286793117676439
l9,3,Mobilenetv2,u1,frozen,2,0.6634702123622133
l9,3,Mobilenetv2,u1,frozen,3,0.4068389192363937
l9,3,Mobilenetv2,u1,frozen,4,0.20579333719340498
l9,3,Mobilenetv2,u1,frozen,5,0.06130529144557457
l9,3,Mobilenetv2,u1,frozen,6,0.025895733696071586
l9,3,Mobilenetv2,u1,frozen,7,0.017505853436575843
l9,3,Mobilenetv2,u1,frozen,8,0.009772154693263521
l9,3,Mobilenetv2,u1,frozen,9,0.005779922524158878
l9,3,Mobilenetv2,u1,frozen,10,2.639504873595134e-31
l9,3,Mobilenetv2,u1,crsf,1,8.145578965266855
l9,3,Mobilenetv2,u1,crsf,2,0.6993035280977392
l9,3,Mobilenetv2,u1,crsf,3,0.4155210382371216
l9,3,Mobilenetv2,u1,crsf,4,0.2127618913988443
l9,3,Mobilenetv2,u1,crsf,5,0.06258551265320372
l9,3,Mobilenetv2,u1,crsf,6,0.026393532231474334
l9,3,Mobilenetv2,u1,crsf,7,0.017868503651731205
l9,3,Mobilenetv2,u1,crsf,8,0.009858586921808295
l9,3,Mobilenetv2,u1,crsf,9,0.005818963972266038
l9,3,Mobilenetv2,u1,crsf,10,1.394417649555534e-31
l9,3,Mobilenetv2,u1,rawspec,1,8.332549541890682
l9,3,Mobilenetv2,u1,rawspec,2,0.6399362339543566
l9,3,Mobilenetv2,u1,rawspec,3,0.41302061602826723
l9,3,Mobilenetv2,u1,rawspec,4,0.2094321205635384
l9,3,Mobilenetv2,u1,rawspec,5,0.06218916368203749
l9,3,Mobilenetv2,u1,rawspec,6,0.02767983866337253
l9,3,Mobilenetv2,u1,rawspec,7,0.01759990361563555
l9,3,Mobilenetv2,u1,rawspec,8,0.010164309212547127
l9,3,Mobilenetv2,u1,rawspec,9,0.005728165336944102
l9,3,Mobilenetv2,u1,rawspec,10,1.6450784519818493e-31
l9,3,Mobilenetv2,u2,frozen,1,8.109322831678098
l9,3,Mobilenetv2,u2,frozen,2,0.7140644091044117
l9,3,Mobilenetv2,u2,frozen,3,0.40407871864940953
l9,3,Mobilenetv2,u2,frozen,4,0.17999478674650973
l9,3,Mobilenetv2,u2,frozen,5,0.06433961760621963
l9,3,Mobilenetv2,u2,frozen,6,0.025684522807420878
l9,3,Mobilenetv2,u2,frozen,7,0.018909810503046555
l9,3,Mobilenetv2,u2,frozen,8,0.009447539505215066
l9,3,Mobilenetv2,u2,frozen,9,0.005212102831657682
l9,3,Mobilenetv2,u2,frozen,10,9.868348365397509e-32
l9,3,Mobilenetv2,u2,crsf,1,7.970290654848125
l9,3,Mobilenetv2,u2,crsf,2,0.7405340553867623
l9,3,Mobilenetv2,u2,crsf,3,0.4188179968685584
l9,3,Mobilenetv2,u2,crsf,4,0.18600617776793968
l9,3,Mobilenetv2,u2,crsf,5,0.0656797632523076
l9,3,Mobilenetv2,u2,crsf,6,0.026348588208548004
l9,3,Mobilenetv2,u2,crsf,7,0.019364773934237713
l9,3,Mobilenetv2,u2,crsf,8,0.009507570802002617
l9,3,Mobilenetv2,u2,crsf,9,0.0052034136531196925
l9,3,Mobilenetv2,u2,crsf,10,6.826516969615251e-32
l9,3,Mobilenetv2,u2,rawspec,1,8.156448571041308
l9,3,Mobilenetv2,u2,rawspec,2,0.6882229403598034
l9,3,Mobilenetv2,u2,rawspec,3,0.4085161451966384
l9,3,Mobilenetv2,u2,rawspec,4,0.18342948880915094
l9,3,Mobilenetv2,u2,rawspec,5,0.06522026312974184
l9,3,Mobilenetv2,u2,rawspec,6,0.02723922874894019
l9,3,Mobilenetv2,u2,rawspec,7,0.01900377761991302
l9,3,Mobilenetv2,u2,rawspec,8,0.009870097106036785
l9,3,Mobilenetv2,u2,rawspec,9,0.005209847103989898
l9,3,Mobilenetv2,u2,rawspec,10,1.5817754725762286e-31
