arm,system,gamma,client,model,bank,carrier_half,chi_out,top1_trace_share,top2_trace_share,top4_trace_share,effective_rank_entropy,effective_rank_participation,frobenius_norm,standardized_routing_energy,singular_values,positive_routing_strength,total_routing_strength,positive_class_concentration,total_class_concentration,mean_probe_top1_top2_margin,top1_class,top3_classes,top5_classes,cross_half_positive_profile_cosine,cross_half_total_profile_cosine,cross_half_z_cosine,cross_half_probe_top_class_retention,cross_bank_positive_profile_cosine,cross_bank_total_profile_cosine
h0,hfl,0,0,ResNet10,bank_a,ua,0.3433550606534415,0.5009013509360386,0.7603542472253336,0.9598227729390869,3.6518583164509577,2.9124370501310812,2.1776101924227524,4.741986150143455,1.54119021173;1.10919882835;0.833546241328;0.50107649106;0.359792370867;0.227204893918;0.0696244877848;0.0550251690023;0.0396472167464;2.76871556217e-09,0.03529785336843392,0.07409353359599148,0.24104899460524956,0.1951467798341904,0.06995711086447805,4,4;0;6,4;0;6;8;7,0.9910845920745697,0.9936002129243381,0.9792158158001669,0.84375,0.9104251269350191,0.9904868751297446
h0,hfl,0,0,ResNet10,bank_a,ub,0.36392718621604336,0.5269811034142243,0.7798677778022078,0.9620105916181543,3.481224750218785,2.7478024117813713,2.208550278915954,4.877694334499739,1.60326315448;1.11063220687;0.827550652495;0.451217119106;0.36230131748;0.212555597447;0.0699541572047;0.0489922010202;0.0395572434528;3.22387491759e-09,0.03734385793638446,0.07621397397655842,0.2674047342581916,0.20331925837353804,0.07598238383841566,4,4;0;6,4;0;6;7;8,0.9910845920745697,0.9936002129243381,0.9792158158001669,0.84375,0.9129129672053862,0.9935929268837832
h0,hfl,0,0,ResNet10,bank_b,ua,0.3362091313360678,0.4405505690289566,0.793996520947818,0.9579594151461255,3.6257800996140293,2.974339203766141,2.321258336118519,5.388240262999716,1.54071162582;1.38001873499;0.802756887675;0.488930309398;0.386634991527;0.260021322778;0.0748936667514;0.0481059969282;0.0387791020621;2.6378645148e-09,0.04191426205846247,0.08419125410937053,0.25343017111817373,0.20790269722524785,0.07497508814146489,6,6;4;0,6;4;0;8;2,0.9946597442664107,0.9901846551625446,0.9772328421365373,0.828125,0.9104251269350191,0.9904868751297446
h0,hfl,0,0,ResNet10,bank_b,ub,0.35531000544851404,0.46794876302000565,0.8167188759083733,0.9676002080606828,3.425020942692428,2.814443682031605,2.3420932956178904,5.485401005378273,1.60215062186;1.38316446162;0.785438287747;0.459054797624;0.349809741445;0.214469962454;0.0751794330932;0.0439772227225;0.042138913051;2.62135404113e-09,0.044983067442895854,0.08570939070903551,0.28407111139269936,0.21561277257956088,0.09112381211685594,4,4;6;0,4;6;0;8;2,0.9946597442664107,0.9901846551625446,0.9772328421365373,0.828125,0.9129129672053862,0.9935929268837832
h0,hfl,0,1,ResNet12,bank_a,ua,0.3399214907503617,0.5002991720870656,0.7689325916795254,0.9383281579104971,3.8954011142545246,2.9418557731951642,2.1832146822366063,4.766426348733487,1.5442276892;1.13155707293;0.742500207187;0.506068110604;0.364748146659;0.289825333698;0.192257043885;0.171921702939;0.101953497735;2.93138697136e-09,0.0386346760397774,0.07447541169896073,0.1691708131441863,0.12557854760737155,0.04388677890539474,3,3;0;5,3;0;5;8;4,0.9834185890651166,0.9966672331200771,0.9749051022544968,0.84375,0.9745016304650091,0.9819761373408332
h0,hfl,0,1,ResNet12,bank_a,ub,0.33494597588753655,0.5015440904680266,0.7456674927352375,0.9334238665761594,3.9503260218983454,2.9855560955680223,2.202793270875989,4.852298194216541,1.56001329626;1.0883747259;0.831373978089;0.468900013113;0.388878714028;0.306444257581;0.21183549528;0.1558010804;0.0936176321377;2.99119506903e-09,0.03913723680820368,0.07581715928463345,0.159308885852643,0.12534615319505002,0.04134711990091185,3,3;8;0,3;8;0;5;4,0.9834185890651166,0.9966672331200771,0.9749051022544968,0.84375,0.9831723776233816,0.9844416944228355
h0,hfl,0,1,ResNet12,bank_b,ua,0.2963381051853497,0.44925075374825485,0.7220788306438259,0.8983806664424226,4.477633358363832,3.374523837800605,1.9794360310602233,3.9181670010594494,1.32674016994;1.03391777616;0.66798346983;0.494548399336;0.418365074761;0.32255908968;0.289714584775;0.164530294159;0.0899058339161;2.42059726798e-09,0.03126051150497566,0.0612213593915539,0.16682073663541636,0.12197125238110022,0.030659091132296815,3,3;5;0,3;5;0;2;4,0.968468915772895,0.9934758329062813,0.9648200944244317,0.765625,0.9745016304650091,0.9819761373408332
h0,hfl,0,1,ResNet12,bank_b,ub,0.2788157440786194,0.4261739456072397,0.6794148727182661,0.906138123081308,4.624594381625445,3.586598035563003,1.9404707016595835,3.765426543999237,1.26677807336;0.976504024042;0.782169770517;0.491853835147;0.358376495949;0.331898837296;0.285130854146;0.157893785721;0.0927868536834;2.93539030319e-09,0.029863428450888206,0.05883478974998809,0.14916575858351475,0.12338863538997315,0.03682073526358254,3,3;5;8,3;5;8;0;4,0.968468915772895,0.9934758329062813,0.9648200944244317,0.765625,0.9831723776233816,0.9844416944228355
h0,hfl,0,2,ShuffleNet,bank_a,ua,0.3335723351082686,0.4646848332873143,0.7841787420892768,0.9459324124251213,3.830067361113325,2.997850525201465,2.331836722290767,5.437462499423749,1.58956168646;1.31804254404;0.76634734552;0.540593435596;0.38236068671;0.282142197208;0.192584682696;0.165596336654;0.0606263883372;2.34473931984e-09,0.04330634347380116,0.08496035155349603,0.19503264313325744,0.1373881298335402,0.054779979468657716,8,8;3;6,8;3;6;0;7,0.9971065472991882,0.9983380916694116,0.9808578720720091,0.78125,0.9544218621790614,0.9615904554463273
h0,hfl,0,2,ShuffleNet,bank_a,ub,0.3281634769673615,0.4583494972211087,0.7760807571430632,0.9425259130094574,3.8958244209088173,3.0472617161367137,2.2651416559362962,5.130866721457826,1.53353519102;1.27680724775;0.773538986513;0.505613832413;0.362173098851;0.293368938635;0.202944435016;0.184122986577;0.0506899862635;2.70958441328e-09,0.040846638021433894,0.08016979252277856,0.20022954883886268,0.138733767395173,0.05496672916908389,8,8;6;3,8;6;3;0;7,0.9971065472991882,0.9983380916694116,0.9808578720720091,0.78125,0.9585693818360984,0.9650226026773919
h0,hfl,0,2,ShuffleNet,bank_b,ua,0.30509137359853744,0.4527042167396171,0.7223110450172555,0.9268021858115831,4.192309652910207,3.2777065709914135,2.4003899370218944,5.761871849755978,1.6150615105;1.2463707291;0.929384411254;0.560799753732;0.479655922575;0.30800597703;0.248328286717;0.177878859977;0.0592546392875;2.71597533108e-09,0.04280684852007197,0.09002924765243708,0.1605846767321607,0.1459990825890816,0.05995437768985391,6,6;8;3,6;8;3;0;9,0.9952759579165733,0.9987459592350314,0.9855254517076433,0.875,0.9544218621790614,0.9615904554463273
h0,hfl,0,2,ShuffleNet,bank_b,ub,0.3117793743806571,0.4629061407703852,0.7268690872627791,0.931958309984991,4.123700134954423,3.207396262126931,2.384007231784832,5.6834904812023765,1.62201191264;1.22483912976;0.934589254875;0.540523422075;0.438891193976;0.294808798636;0.253953612971;0.198560867366;0.0570765628922;2.59954749424e-09,0.04174186817597381,0.08880453876878713,0.16795475272337007,0.14796187466778218,0.056401352393285135,6,6;8;3,6;8;3;0;9,0.9952759579165733,0.9987459592350314,0.9855254517076433,0.875,0.9585693818360984,0.9650226026773919
h0,hfl,0,3,Mobilenetv2,bank_a,ua,0.35190276756656974,0.5207533581304804,0.7692031487725657,0.9532311677171985,3.7220133021192163,2.8416940477968464,2.214530902863986,4.904147119739579,1.5980773077;1.10382712649;0.754709277948;0.576987335075;0.366954819376;0.211239261332;0.185275957645;0.117411291341;0.0443934378606;2.60690341267e-09,0.038744443101550854,0.07662729874593092,0.17056764029033117,0.13297519936000682,0.035358374428103134,6,6;0;8,6;0;8;4;9,0.9969957319081836,0.994667522352867,0.9810073676225118,0.796875,0.927078503446126,0.9814072154290944
h0,hfl,0,3,Mobilenetv2,bank_a,ub,0.3642582159157649,0.538397050288231,0.7774712262167375,0.9555974259449485,3.6387734156416003,2.745305270557043,2.1817142974193175,4.7598772755638645,1.60084474103;1.06675383157;0.710538173552;0.585657198534;0.348358994924;0.206530527349;0.184875084576;0.106263482661;0.0432577219048;2.85115726555e-09,0.037176324770986806,0.07437308243068544,0.1636742245783861,0.13002051591721045,0.032311715623366905,0,0;8;6,0;8;6;4;5,0.9969957319081836,0.994667522352867,0.9810073676225118,0.796875,0.9252605727011622,0.9767943020693578
h0,hfl,0,3,Mobilenetv2,bank_b,ua,0.30961580545676465,0.4658584000970513,0.7197392193574562,0.9420314924500341,4.099021339740423,3.2298092745023386,2.26704453894144,5.1394909415442065,1.54734450829;1.14228637864;0.855756082148;0.640430052232;0.427123175564;0.252493864263;0.181266552045;0.126134114228;0.0545333218323;2.88578071848e-09,0.040730264913682375,0.08030454596162824,0.17267096002098056,0.13853805863232027,0.051256530661592165,6,6;0;4,6;0;4;9;8,0.996311772795743,0.9906449044293448,0.9798668898982632,0.875,0.927078503446126,0.9814072154290944
h0,hfl,0,3,Mobilenetv2,bank_b,ub,0.32771021898784586,0.5027132467103455,0.7125560454167724,0.9418919342491613,3.9994502223780892,3.0514764021870087,2.2353158459366256,4.996636931095369,1.58488976723;1.02396693196;0.880820567379;0.608328282959;0.408953806569;0.249339999091;0.209307351409;0.119628826731;0.0530154008943;2.49294701102e-09,0.039321459380253596,0.07807245204836517,0.16314190369367143,0.13602801402778494,0.04913931390829454,6,6;0;4,6;0;4;8;9,0.996311772795743,0.9906449044293448,0.9798668898982632,0.875,0.9252605727011622,0.9767943020693578
h9,hfl,9,0,ResNet10,bank_a,ua,0.5543229881526499,0.7205563723331447,0.8935188037685493,0.98353206010371,2.4287521634749014,1.8040023981881395,4.6169301089661285,21.316043631077978,3.91910845363;1.92012362493;1.19826178055;0.694906615808;0.505714213531;0.252739321671;0.175843668447;0.0170030124032;0.0140426739716;2.56938675664e-09,0.20552238948731513,0.3330631817355935,0.35978812793434295,0.18035724555453309,0.08398692916979124,4,4;0;6,4;0;6;2;5,0.9995850089513605,0.9996543147036102,0.9977278348625646,0.90625,0.996968745769541,0.9956492258453473
h9,hfl,9,0,ResNet10,bank_a,ub,0.5526398992729885,0.7182505256909023,0.8957547483981734,0.9852831914530867,2.418083892059827,1.8094965660527143,4.613122133816985,21.28089582151217,3.90960542907;1.94356601928;1.20649471581;0.670534093419;0.477449109655;0.232604719436;0.175225010624;0.0157854356574;0.0130872980261;2.43213851563e-09,0.20371313555643075,0.33251399721112757,0.36071777004036054,0.17873937558784692,0.07822648252002738,4,4;0;6,4;0;6;2;5,0.9995850089513605,0.9996543147036102,0.9977278348625646,0.90625,0.9968509862281971,0.9953977998561384
h9,hfl,9,0,ResNet10,bank_b,ua,0.5553754237409275,0.7247702329813981,0.8769362033429375,0.9809872416838898,2.4658434813277967,1.800583816371178,4.76837524980885,22.737402522989612,4.05948180486;1.86006960042;1.32645526667;0.778695554899;0.580450560909;0.258884552317;0.166801986863;0.0172889938999;0.0153251977478;3.03666639793e-09,0.22057870907939595,0.3552719144217125,0.3849707679348865,0.19791714133959992,0.10228911344101319,4,4;0;6,4;0;6;5;2,0.9996571942973067,0.9996746324809965,0.9977051613952065,0.875,0.996968745769541,0.9956492258453473
h9,hfl,9,0,ResNet10,bank_b,ub,0.553794461829599,0.7234618682094988,0.8744652214419056,0.9816759151255313,2.4663036559687868,1.8057240888513824,4.772310060532273,22.774943313857545,4.05916284943;1.85447912096;1.36808934195;0.755015909585;0.571745288433;0.252505891999;0.161658101508;0.0178599834365;0.015025749964;2.93381316642e-09,0.21972731497151507,0.35585848927902414,0.3808521981191831,0.19472649179216941,0.09826550318797203,4,4;0;6,4;0;6;5;2,0.9996571942973067,0.9996746324809965,0.9977051613952065,0.875,0.9968509862281971,0.9953977998561384
h9,hfl,9,1,ResNet12,bank_a,ua,0.7245763416461415,0.8469154302104395,0.9155911199511951,0.9828833464494326,1.8945136262030118,1.3801168248562359,5.025629499131257,25.256951862538294,4.62498672998;1.31701882671;1.05218621982;0.769740660365;0.510330686753;0.291121138492;0.220267786978;0.159644904481;0.114547693765;2.66242867038e-09,0.21399832543119812,0.3946398728521608,0.5852307556546431,0.28611871596931593,0.20475056973776687,3,3;7;5,3;7;5;1;0,0.9999328134303493,0.9995480018197005,0.9980848678514211,0.859375,0.9991773514030092,0.9994050231189149
h9,hfl,9,1,ResNet12,bank_a,ub,0.7344146169831596,0.8531444315418342,0.9169379548719689,0.9824296725065496,1.864018038987638,1.361628672515336,4.968954673691225,24.690510549197835,4.58961562519;1.25502775298;1.03131649674;0.743915471474;0.516515216036;0.271555545134;0.22218834911;0.174980536169;0.115343501427;2.46132504507e-09,0.2121002161247863,0.3857892273312165,0.6038647200268952,0.2900538608658947,0.20760505745028243,3,3;7;5,3;7;5;1;0,0.9999328134303493,0.9995480018197005,0.9980848678514211,0.859375,0.9991845284678046,0.9993682040108424
h9,hfl,9,1,ResNet12,bank_b,ua,0.7000958552846488,0.8301316242445574,0.9243689375269097,0.984841272209623,1.9533130154750808,1.428375832323684,5.168024948303529,26.7084818662877,4.70866811665;1.58648528923;1.0371396286;0.734483250365;0.414560177091;0.319867130593;0.265548960476;0.223614245552;0.100855854649;2.82253219135e-09,0.22870970978499713,0.4173200291607453,0.5632067061676951,0.2742988645763884,0.22520120502635343,3,3;7;5,3;7;5;1;2,0.9999540428182991,0.9996611299124533,0.9982487451452773,0.96875,0.9991773514030092,0.9994050231189149
h9,hfl,9,1,ResNet12,bank_b,ub,0.7131165927878319,0.8386633047580814,0.9265325511194945,0.9842652187138234,1.9095830420924975,1.4022952349057456,5.111801858937583,26.130518245037738,4.68131464296;1.51527850418;1.03573314233;0.660182839657;0.429717385866;0.320530229194;0.272308248328;0.198494736134;0.101041514021;2.89286810104e-09,0.2254276560938788,0.4082893475787145,0.579278647859531,0.27681151218449485,0.2276494013087708,3,3;7;1,3;7;1;5;2,0.9999540428182991,0.9996611299124533,0.9982487451452773,0.96875,0.9991845284678046,0.9993682040108424
h9,hfl,9,2,ShuffleNet,bank_a,ua,0.5606973449731383,0.7240673573811125,0.8974477144626134,0.9923710431570969,2.346679949321696,1.783493374747698,4.112501789957428,16.912670972403056,3.4994160909;1.7124032622;1.14699055024;0.538349053564;0.231616155294;0.212638981378;0.131537075093;0.0928047749157;0.0651914778172;2.63535357776e-09,0.14617406465572477,0.26426048394379753,0.2346119500999687,0.1351879709407496,0.08296110478946839,6,6;2;8,6;2;8;0;3,0.9987084014621203,0.9944347037900869,0.9946940872383568,0.953125,0.9774588225718158,0.9855928923350107
h9,hfl,9,2,ShuffleNet,bank_a,ub,0.5635320992241072,0.7265602356965786,0.8999948874209436,0.9916308494847266,2.3483895528993517,1.7745218087400243,4.014117238427665,16.113137203842147,3.42157343406;1.67169863885;1.07498635881;0.566521983604;0.232062194045;0.225786603058;0.126122054459;0.0980353362616;0.0671052809307;2.40959975786e-09,0.13926907402531363,0.2517677688100335,0.2341660261189258,0.136164090287908,0.08615925648934099,6,6;8;2,6;8;2;0;3,0.9987084014621203,0.9944347037900869,0.9946940872383568,0.953125,0.9753997934061708,0.9835526282085104
h9,hfl,9,2,ShuffleNet,bank_b,ua,0.5010070383535999,0.6656848830566237,0.8933542370566082,0.9913400673086552,2.565915866251085,1.9959799432842014,4.31280284123505,18.600268347365137,3.51879488741;2.05784136387;1.1699191594;0.673685310355;0.29294466632;0.196614607441;0.138067390563;0.105650965291;0.0798652599045;2.89698491665e-09,0.16353278307313823,0.2906291929275801,0.2663664374407661,0.14717670208673464,0.08990272279748746,6,6;2;8,6;2;8;0;3,0.9991707852987688,0.9957539887382699,0.9962415061863923,0.9375,0.9774588225718158,0.9855928923350107
h9,hfl,9,2,ShuffleNet,bank_b,ub,0.49639106979914327,0.6596533978720748,0.895324809818116,0.9905619074922506,2.5799170940160314,2.0145406733497837,4.203506859618358,17.669469918858578,3.41404831111;2.04063444157;1.1237471;0.648059787174;0.307479785674;0.19626593605;0.129566719667;0.103064836775;0.0793225061373;2.98559779521e-09,0.15533938289955504,0.2760854674821655,0.26604129995810716,0.14669089162820553,0.08964854214522806,6,6;2;8,6;2;8;0;3,0.9991707852987688,0.9957539887382699,0.9962415061863923,0.9375,0.9753997934061708,0.9835526282085104
h9,hfl,9,3,Mobilenetv2,bank_a,ua,0.7307915069690132,0.8495260161959575,0.936540922208381,0.987196768639321,1.830895426574867,1.3683793400202082,4.3296682287095996,18.74602697069732,3.99064375908;1.27717805139;0.808757804802;0.543605258059;0.352296462568;0.258197795812;0.165925118172;0.129316122776;0.070547974087;2.32810049344e-09,0.17437571802026958,0.29290667141714566,0.4347630803153751,0.22082189784413994,0.16552638682753693,5,5;9;1,5;9;1;4;6,0.9999671494011281,0.9997045280135535,0.9965347617000718,0.890625,0.9949866280607053,0.9946077836544498
h9,hfl,9,3,Mobilenetv2,bank_a,ub,0.7262744609846655,0.8470860759398731,0.9298838958721543,0.9867990167120446,1.857391419296769,1.3768899413630036,4.287001019909026,18.378377744701027,3.94563909727;1.23356783808;0.83539960001;0.590012795187;0.35291588415;0.262499831023;0.174915473866;0.11754822105;0.0688757404612;2.80591351682e-09,0.17043337492938884,0.28716215226095354,0.4303487462634339,0.21737763732675855,0.16051049259012845,5,5;9;1,5;9;1;6;4,0.9999671494011281,0.9997045280135535,0.9965347617000718,0.890625,0.9938778698062615,0.9931255250431537
h9,hfl,9,3,Mobilenetv2,bank_b,ua,0.7357558799914353,0.8531198510895117,0.9238340755712694,0.9887434797185694,1.8174842954652777,1.359146460386129,4.522102599284554,20.449411918456136,4.1768168802;1.20252413902;1.0354263625;0.505224099417;0.291166105293;0.275789200229;0.220874369419;0.132557815369;0.0547245345937;2.57646113052e-09,0.1893886528209068,0.31952206122587684,0.3712416459710514,0.19821234813368466,0.15757999245095616,5,5;1;9,5;1;9;4;0,0.9998741060126531,0.9993268810474474,0.9970052190900084,0.96875,0.9949866280607053,0.9946077836544498
h9,hfl,9,3,Mobilenetv2,bank_b,ub,0.727612718804292,0.848089330370338,0.9225114360979892,0.9882854038024903,1.8495021511531606,1.374357503868206,4.460504422992614,19.896099707536678,4.1077572808;1.21684412971;1.00135813696;0.553106952732;0.298121363865;0.279116857672;0.224799807296;0.115108097176;0.050073733161;2.80868788735e-09,0.1826536711128356,0.3108765579302605,0.3613366983590039,0.1910528193872113,0.14871951743637116,5,5;1;9,5;1;9;4;0,0.9998741060126531,0.9993268810474474,0.9970052190900084,0.96875,0.9938778698062615,0.9931255250431537
l0,local,0,0,ResNet10,bank_a,ua,0.45815402106675335,0.6393009740185667,0.8338873023895959,0.9743876812301704,2.9680110609517665,2.1826721015553776,2.538812938630934,6.44557113735984,2.02994086274;1.11991964974;0.792214158973;0.527258867129;0.279610376822;0.2341760293;0.177360266585;0.0188917367321;0.015877191748;2.62708964543e-09,0.050559263310581644,0.10071204902124749,0.1611116216521536,0.12613751352593314,0.03425926780385803,0,0;9;1,0;9;1;8;4,0.9904336890347684,0.9984042830596567,0.9851283997395236,0.828125,0.9628367188909404,0.9894601208032043
l0,local,0,0,ResNet10,bank_a,ub,0.43300191924554715,0.6115336118082831,0.8275383786618484,0.977784926958908,3.071318396169283,2.3094585856341427,2.5356041323190697,6.429288315833546,1.98285801437;1.17845531256;0.786522034098;0.589373792545;0.270433603071;0.21443868793;0.151995302537;0.0180547826133;0.0167414998707;3.0532268607e-09,0.04949219281875107,0.1004576299348991,0.1550420226392748,0.1261029568730864,0.039940739258313956,0,0;9;1,0;9;1;8;4,0.9904336890347684,0.9984042830596567,0.9851283997395236,0.828125,0.959694723094446,0.9916142418964025
l0,local,0,0,ResNet10,bank_b,ua,0.4979178780915695,0.6800215233065855,0.8359823714596745,0.9763191425851369,2.8042365545443766,2.008363314510444,2.7757768842712354,7.704937311254527,2.28900048217;1.09620643951;0.850238349646;0.598649123257;0.271680618462;0.264628026284;0.194473791157;0.0208622846798;0.0191280094513;2.52852620078e-09,0.0607583724006899,0.12038964548835199,0.15920636373759714,0.12754638638781834,0.032153983156901864,9,9;8;1,9;8;1;0;4,0.9916084398355163,0.9973446703200869,0.9863056736164759,0.84375,0.9628367188909404,0.9894601208032043
l0,local,0,0,ResNet10,bank_b,ub,0.45485849178208765,0.6404423719641892,0.8109023787487133,0.9780275823093577,3.005518130478772,2.198485942473904,2.7138532377480664,7.364999396035666,2.17183279345;1.12046322877;0.903912219291;0.643288211538;0.267909471159;0.230532077177;0.19028769298;0.0200016321308;0.0172292857661;2.70940155856e-09,0.05749096870071212,0.11507811556305726,0.14880767047076113,0.12486153232037818,0.040281233049849735,9,9;8;1,9;8;1;4;0,0.9916084398355163,0.9973446703200869,0.9863056736164759,0.84375,0.959694723094446,0.9916142418964025
l0,local,0,1,ResNet12,bank_a,ua,0.3053076813905618,0.47429107767015033,0.710708713643829,0.9200738852142218,4.420390307987665,3.275384344874981,2.2596541434585116,5.106036848049218,1.55619655548;1.09870704048;0.806955871443;0.646412022073;0.376759381182;0.30694231176;0.26451794473;0.233142198888;0.218218801144;2.08278752821e-09,0.03644960511161281,0.07978182575076907,0.13243036082157955,0.15559700200287715,0.03678224691234307,9,9;3;5,9;3;5;8;4,0.993780153854839,0.9992515107916422,0.9818804034252492,0.765625,0.9418703175432059,0.9867570184748329
l0,local,0,1,ResNet12,bank_a,ub,0.31334059878078935,0.48531616880560674,0.721006270665149,0.9234810434639096,4.341379102556955,3.1914153604346716,2.3020282721802485,5.299334165917181,1.60369964601;1.1175869583;0.785098942752;0.675722673379;0.346429551278;0.318104851907;0.28170654041;0.251938580706;0.203626536943;2.86829470497e-09,0.03674553247865706,0.08280209634245597,0.13198892306411483,0.15994706391892308,0.03643197704846372,9,9;3;5,9;3;5;8;4,0.993780153854839,0.9992515107916422,0.9818804034252492,0.765625,0.9339701599320305,0.9890769647842005
l0,local,0,1,ResNet12,bank_b,ua,0.3472162062678966,0.5382454497566384,0.7366893744561295,0.9101634661900947,4.151206163078596,2.8800498995878216,2.2350953714263158,4.995651319371338,1.6397824829;0.995668948118;0.740948558251;0.563570145832;0.414965324827;0.315007699945;0.256419386271;0.249252420547;0.222459560407;2.6631932872e-09,0.03698844116863939,0.07805705186517718,0.15793726245111694,0.18999380377873845,0.04783747597351089,9,9;5;4,9;5;4;3;0,0.9968867678007901,0.9991787886700996,0.9809166277517796,0.84375,0.9418703175432059,0.9867570184748329
l0,local,0,1,ResNet12,bank_b,ub,0.334779535297511,0.5237743660351365,0.721607726297473,0.9094342095596664,4.254882987040411,2.9870404088718736,2.2435023875152735,5.033302962786733,1.62367332564;0.99787536213;0.78460575532;0.574265969227;0.421350569193;0.307452977392;0.266886964687;0.249934627989;0.223797800916;2.8376284402e-09,0.03670869936492038,0.0786453587935427,0.15418154227082906,0.1891017403588736,0.050775736087589035,9,9;5;4,9;5;4;3;0,0.9968867678007901,0.9991787886700996,0.9809166277517796,0.84375,0.9339701599320305,0.9890769647842005
l0,local,0,2,ShuffleNet,bank_a,ua,0.32389929135902173,0.4444829384489722,0.781215473393446,0.9283936370810276,4.026132461081731,3.0873794005571824,2.409478845343867,5.8055883061596125,1.60638879159;1.3981882803;0.727914983361;0.56973292254;0.404117081621;0.353554705897;0.287358258989;0.170644185489;0.125344766296;2.72486644911e-09,0.04836681843381012,0.09071231728374395,0.20863733513313315,0.1218951368273321,0.0444380269369859,4,4;8;6,4;8;6;0;3,0.9796008345681352,0.9885027661643029,0.9743567276235842,0.796875,0.9484767316713743,0.9685406882985569
l0,local,0,2,ShuffleNet,bank_a,ub,0.3568518980613379,0.515722487016638,0.7966584513531911,0.9383457040176093,3.759732018728865,2.8022829791010713,2.3789263043571163,5.659290361562205,1.70839787521;1.26091165241;0.719105618733;0.53360698315;0.372828940663;0.303158718873;0.275322856706;0.16495595091;0.12247364619;2.79441963956e-09,0.04652161708733953,0.08842641189940949,0.2360585669433054,0.12953709060475868,0.04846775223407518,4,4;6;8,4;6;8;0;3,0.9796008345681352,0.9885027661643029,0.9743567276235842,0.796875,0.9734235774238889,0.981915709587502
l0,local,0,2,ShuffleNet,bank_b,ua,0.3218586961550535,0.5005482377916346,0.7246268972162028,0.9116140427725875,4.263170704120501,3.1069534921472157,2.414439816016653,5.829519625166531,1.7082024984;1.14292210701;0.828689896734;0.63507345223;0.485194231644;0.359821425249;0.305594961502;0.197682175769;0.133776861391;2.15089856733e-09,0.04953203316428472,0.09108624414322702,0.239112867391135,0.13290730639249845,0.05559800503652281,4,4;6;3,4;6;3;0;8,0.9903292345440036,0.9868323234353096,0.9742312184801974,0.890625,0.9484767316713743,0.9685406882985569
l0,local,0,2,ShuffleNet,bank_b,ub,0.37314449375291986,0.5637583327855635,0.7609267028899955,0.925168330291762,3.8173129768767695,2.679926990050875,2.3942216503919767,5.732297311205679,1.79767360085;1.06312168532;0.782283489559;0.574033432046;0.433293662209;0.360471315977;0.250526205979;0.17248637434;0.136965260168;2.80840746577e-09,0.04819870049724527,0.08956714548758878,0.27288438987583913,0.14183220419174772,0.06180235525541079,4,4;6;3,4;6;3;5;0,0.9903292345440036,0.9868323234353096,0.9742312184801974,0.890625,0.9734235774238889,0.981915709587502
l0,local,0,3,Mobilenetv2,bank_a,ua,0.35854703764358475,0.4963348313332429,0.8155017970425337,0.949889644197708,3.5993365339341232,2.7890343386165846,2.365618910329127,5.596152828906771,1.66660300325;1.33645318588;0.666473542859;0.554858493399;0.401242940537;0.255092586477;0.1770632892;0.129541737734;0.078896224092;2.58904306097e-09,0.04397509617341076,0.08743988795166824,0.16612888018496336,0.11595829852225151,0.036907083082302186,0,0;4;6,0;4;6;7;8,0.9938633951239954,0.9966054133488046,0.9855860835820877,0.75,0.9415882832637124,0.9824694839201983
l0,local,0,3,Mobilenetv2,bank_a,ub,0.36528027677456304,0.5207540600236652,0.8087954993395775,0.9513021665352194,3.594447909911604,2.7376238564734336,2.3706012899543074,5.6197504759330315,1.71070391262;1.27228967444;0.659680711317;0.604709244111;0.38916114537;0.240477806383;0.201428070324;0.140232357109;0.0644617628241;2.45487258317e-09,0.04303118211566727,0.08780860118645356,0.16367248771741377,0.11266454289628379,0.02932044878856564,4,4;0;6,4;0;6;7;3,0.9938633951239954,0.9966054133488046,0.9855860835820877,0.75,0.9445176055489282,0.9838518399183529
l0,local,0,3,Mobilenetv2,bank_b,ua,0.36417258675469283,0.5491414570467882,0.7600751872119217,0.9356980561192686,3.7689736651687635,2.7459507836894255,2.433648303863439,5.9226440668973925,1.80343266924;1.11771436667;0.806306738616;0.624516761832;0.473844929029;0.306448784452;0.19165533385;0.127463696828;0.0970509719323;2.89476727866e-09,0.048228100411698734,0.09254131354527179,0.17541352898174406,0.11263327935846487,0.045666203874900765,4,4;6;7,4;6;7;0;3,0.9944330559883648,0.996449362756371,0.9836998848177106,0.8125,0.9415882832637124,0.9824694839201983
l0,local,0,3,Mobilenetv2,bank_b,ub,0.4047600576829639,0.598239678193604,0.7748177657967971,0.9427497224767949,3.516026942607106,2.470599509551406,2.4599780481545244,6.0514919974021435,1.90269351844;1.03371218627;0.76227355713;0.65968016194;0.440479085169;0.300178409521;0.196035018332;0.12336257592;0.093127013889;3.00129975148e-09,0.04822041904269597,0.09455456245940849,0.18031820153604544,0.11202747281914159,0.04248218687368783,6,6;4;7,6;4;7;3;0,0.9944330559883648,0.996449362756371,0.9836998848177106,0.8125,0.9445176055489282,0.9838518399183529
l9,local,9,0,ResNet10,bank_a,ua,0.5543229881526499,0.7205563723331447,0.8935188037685493,0.98353206010371,2.4287521634749014,1.8040023981881395,4.6169301089661285,21.316043631077978,3.91910845363;1.92012362493;1.19826178055;0.694906615808;0.505714213531;0.252739321671;0.175843668447;0.0170030124032;0.0140426739716;2.56938675664e-09,0.20552238948731513,0.3330631817355935,0.35978812793434295,0.18035724555453309,0.08398692916979124,4,4;0;6,4;0;6;2;5,0.9995850089513605,0.9996543147036102,0.9977278348625646,0.90625,0.996968745769541,0.9956492258453473
l9,local,9,0,ResNet10,bank_a,ub,0.5526398992729885,0.7182505256909023,0.8957547483981734,0.9852831914530867,2.418083892059827,1.8094965660527143,4.613122133816985,21.28089582151217,3.90960542907;1.94356601928;1.20649471581;0.670534093419;0.477449109655;0.232604719436;0.175225010624;0.0157854356574;0.0130872980261;2.43213851563e-09,0.20371313555643075,0.33251399721112757,0.36071777004036054,0.17873937558784692,0.07822648252002738,4,4;0;6,4;0;6;2;5,0.9995850089513605,0.9996543147036102,0.9977278348625646,0.90625,0.9968509862281971,0.9953977998561384
l9,local,9,0,ResNet10,bank_b,ua,0.5553754237409275,0.7247702329813981,0.8769362033429375,0.9809872416838898,2.4658434813277967,1.800583816371178,4.76837524980885,22.737402522989612,4.05948180486;1.86006960042;1.32645526667;0.778695554899;0.580450560909;0.258884552317;0.166801986863;0.0172889938999;0.0153251977478;3.03666639793e-09,0.22057870907939595,0.3552719144217125,0.3849707679348865,0.19791714133959992,0.10228911344101319,4,4;0;6,4;0;6;5;2,0.9996571942973067,0.9996746324809965,0.9977051613952065,0.875,0.996968745769541,0.9956492258453473
l9,local,9,0,ResNet10,bank_b,ub,0.553794461829599,0.7234618682094988,0.8744652214419056,0.9816759151255313,2.4663036559687868,1.8057240888513824,4.772310060532273,22.774943313857545,4.05916284943;1.85447912096;1.36808934195;0.755015909585;0.571745288433;0.252505891999;0.161658101508;0.0178599834365;0.015025749964;2.93381316642e-09,0.21972731497151507,0.35585848927902414,0.3808521981191831,0.19472649179216941,0.09826550318797203,4,4;0;6,4;0;6;5;2,0.9996571942973067,0.9996746324809965,0.9977051613952065,0.875,0.9968509862281971,0.9953977998561384
l9,local,9,1,ResNet12,bank_a,ua,0.6024650806021319,0.7608645277960175,0.906167338004612,0.9717732442319603,2.336373400771692,1.6598472379492821,4.804649469498568,23.08465652475287,4.19097796296;1.83146538754;0.881794614065;0.858445146681;0.590293413183;0.366173125774;0.284990492671;0.264400325577;0.133973045601;2.26813595224e-09,0.2212467518918342,0.36069775819926353,0.5816183690125882,0.2656293089934609,0.20455530931718113,3,3;7;5,3;7;5;9;1,0.9999478223674556,0.9989814829862449,0.9972909788423265,0.953125,0.99940288350423,0.9975923048859735
l9,local,9,1,ResNet12,bank_a,ub,0.612662877152209,0.7691374262172485,0.9057976559040369,0.9703410645214531,2.3082801665339474,1.6322190184699723,4.782776434521681,22.874950422615925,4.19451790947;1.76807691542;0.888828182663;0.828499688554;0.608663067185;0.371200979949;0.283366651137;0.267214554493;0.135961408783;2.54404520424e-09,0.2220063979965573,0.3574211003533737,0.59311050533426,0.2721312337376485,0.2043517715470791,3,3;7;5,3;7;5;9;1,0.9999478223674556,0.9989814829862449,0.9972909788423265,0.953125,0.9992436073268394,0.9979783744912523
l9,local,9,1,ResNet12,bank_b,ua,0.5992277765001354,0.7611393983674938,0.8880157366529718,0.9704004404332711,2.397368067305223,1.668814496282125,4.801500554636199,23.054407576171716,4.1889876954;1.71028033217;1.06749678873;0.871654257747;0.506625373052;0.504237428083;0.290977355207;0.252269446336;0.152210259272;2.55364079786e-09,0.22336071751665995,0.36022511837768323,0.5386136095302408,0.24956374480367682,0.20114688246627566,3,3;7;1,3;7;1;5;9,0.9999834666198948,0.9988244698879999,0.9972562903585998,0.984375,0.99940288350423,0.9975923048859735
l9,local,9,1,ResNet12,bank_b,ub,0.5984974324754226,0.7602373114833811,0.890624861961862,0.9702665728358247,2.395524949527123,1.6708509439418426,4.792306455192162,22.966201160476473,4.17848812673;1.73046430564;1.03459951966;0.871017443343;0.517084057004;0.497314106196;0.275519850434;0.259779117405;0.157385670853;3.0409987256e-09,0.224691554784992,0.35884689313244467,0.5401572845950003,0.2519124118767883,0.20276793549408367,3,3;7;1,3;7;1;5;9,0.9999834666198948,0.9988244698879999,0.9972562903585998,0.984375,0.9992436073268394,0.9979783744912523
l9,local,9,2,ShuffleNet,bank_a,ua,0.6133793236481947,0.7709100991551807,0.8842097525835729,0.9854799054747244,2.2656890288113924,1.6303125349101633,4.218257337642863,17.793694966577842,3.70369263722;1.41986600527;1.1421147471;0.705368070028;0.391260728454;0.202495166777;0.174202795533;0.144852432097;0.113789461783;3.05861021757e-09,0.15531961491584123,0.2780264838527789,0.2529823491683988,0.1270779657589956,0.043802200855033786,6,6;2;4,6;2;4;8;0,0.9976642133660681,0.9947112436510783,0.9947947787852026,0.859375,0.9944168397725253,0.9895491925245655
l9,local,9,2,ShuffleNet,bank_a,ub,0.6121349327815412,0.7699037580742341,0.881986969477275,0.9858140620443334,2.2639570909145372,1.6336267486881795,4.114911521675153,16.932496831214927,3.61059454161;1.37762426732;1.14820377729;0.663083706403;0.382264417822;0.201615170999;0.160109426126;0.132638194712;0.100998357119;2.41352123269e-09,0.14719360373410087,0.2645702629877331,0.24164527975384292,0.1259525379358585,0.0431287078657562,6,6;2;4,6;2;4;8;0,0.9976642133660681,0.9947112436510783,0.9947947787852026,0.859375,0.993379434626441,0.9866936041855333
l9,local,9,2,ShuffleNet,bank_b,ua,0.5741889882783524,0.7425859862888473,0.8542255940137135,0.9845621299363168,2.4376026529340544,1.7415868649739474,4.3629885351733275,19.035668958053897,3.75973682694;1.45778414563;1.34011854938;0.82772303615;0.416358555973;0.222952352033;0.195055451269;0.139853418138;0.114901600967;2.84106782518e-09,0.16776382442883295,0.2974323274695921,0.2615312767812366,0.13297149299232047,0.04959002201669392,6,6;2;4,6;2;4;5;8,0.9983466306290053,0.99634385622731,0.9958936419396714,0.796875,0.9944168397725253,0.9895491925245655
l9,local,9,2,ShuffleNet,bank_b,ub,0.5762889028874468,0.7435785108864793,0.8621244740950323,0.9848462467209627,2.417045985843636,1.7352407707104012,4.228564208234822,17.880755263164584,3.64633314058;1.45591598507;1.27245411028;0.758431617899;0.398899329349;0.227655746302;0.180961962218;0.131022986562;0.100491219236;2.87123693437e-09,0.1573812498059246,0.2793868009869467,0.25464375737721734,0.1303622696185781,0.0470425403434972,6,6;2;4,6;2;4;9;8,0.9983466306290053,0.99634385622731,0.9958936419396714,0.796875,0.993379434626441,0.9866936041855333
l9,local,9,3,Mobilenetv2,bank_a,ua,0.7082527923999021,0.8342244376500324,0.9399347319698543,0.9844907391453465,1.8996272763905235,1.4119252486250082,4.516071088577243,20.394898077083244,4.12479361657;1.46831559222;0.764099776947;0.569970837794;0.362730001261;0.326106796531;0.197882610464;0.157275025596;0.120408208282;2.37680398307e-09,0.1784069814617632,0.31867028245442564,0.4216485922874199,0.198123986112203,0.16369221995211702,5,5;9;1,5;9;1;6;3,0.9995454354841188,0.9994783905862449,0.9962902892658932,0.921875,0.994630626699714,0.9968775258437343
l9,local,9,3,Mobilenetv2,bank_a,ub,0.707018208110879,0.8339148231126136,0.9352002026234455,0.98438065928019,1.9141532617396901,1.414390730714759,4.4184073457888235,19.522323473320647,4.03484261477;1.40617422176;0.762841862626;0.614970792838;0.369506051088;0.323388633636;0.18158854507;0.132136016676;0.115657101863;2.80300341195e-09,0.1708470900800204,0.30503630427063505,0.42779787783941403,0.1988983399488692,0.16030762798279044,5,5;9;1,5;9;1;6;3,0.9995454354841188,0.9994783905862449,0.9962902892658932,0.921875,0.9935806080712172,0.9955902695511297
l9,local,9,3,Mobilenetv2,bank_b,ua,0.7460022242990262,0.8597232614616442,0.9299639530638159,0.9870445731123698,1.8007570694386261,1.3404785769081318,4.5636150985254185,20.826582767489157,4.23144155838;1.20949310759;0.91226061944;0.59713886164;0.361241587994;0.26256014628;0.18207778986;0.155374257356;0.114413607766;3.05180958947e-09,0.17810277998882795,0.32541535574201813,0.3699782685780886,0.18082118851745596,0.14441176364229852,5,5;9;1,5;9;1;4;7,0.999711006707361,0.9995517172044343,0.995835414810651,0.921875,0.994630626699714,0.9968775258437343
l9,local,9,3,Mobilenetv2,bank_b,ub,0.7425409419512902,0.8580057318558019,0.9214424041314355,0.9857990609628554,1.8271343528136663,1.3467270873587092,4.458220415941628,19.875729277118737,4.1295871034;1.12287582768;0.916775061195;0.662313351469;0.367303257595;0.284975936616;0.198140039811;0.130719541392;0.0989139950375;2.41295055641e-09,0.1690117936144949,0.3105582699549804,0.3684580705149729,0.1774887899310447,0.14330013912960662,5,5;9;1,5;9;1;4;7,0.999711006707361,0.9995517172044343,0.995835414810651,0.921875,0.9935806080712172,0.9955902695511297
